"","species","hor_dist","direct_distance_m","plot","method","evidence","obs","obs_plot","check","Comment","n_indiv","genus"
"1","Abroscopus superciliaris",19.7,20,"F02","Sound recordings","Aural","irfan","irfan F02",NA,NA,1,"Abroscopus"
"2","Actenoides concretus",34,34,"F14","Sound recordings","Aural","irfan","irfan F14",NA,NA,1,"Actenoides"
"3","Aegithina viridissima",4.4,20,"F25","Sound recordings","Aural","irfan","irfan F25",NA,NA,1,"Aegithina"
"4","Aegithina viridissima",10.2,22,"F17","Sound recordings","Aural","irfan","irfan F17",NA,NA,1,"Aegithina"
"5","Aegithina viridissima",14,24,"F07","Sound recordings","Aural","irfan","irfan F07",NA,NA,1,"Aegithina"
"6","Aegithina viridissima",20.1,28,"F07","Sound recordings","Aural","irfan","irfan F07",NA,NA,1,"Aegithina"
"7","Aegithina viridissima",0,10,"F22","Sound recordings","Aural","irfan","irfan F22",NA,NA,2,"Aegithina"
"8","Aegithina viridissima",0,18,"F28","Sound recordings","Aural","irfan","irfan F28",NA,NA,1,"Aegithina"
"9","Aegithina viridissima",14,24,"F06","Sound recordings","Aural","irfan","irfan F06",NA,NA,1,"Aegithina"
"10","Aegithina viridissima",14,24,"F16","Sound recordings","Aural","irfan","irfan F16",NA,NA,2,"Aegithina"
"11","Aegithina viridissima",17.2,26,"F13","Sound recordings","Aural","irfan","irfan F13",NA,NA,1,"Aegithina"
"12","Aegithina viridissima",4.4,20,"F11","Sound recordings","Aural","irfan","irfan F11",NA,NA,1,"Aegithina"
"13","Aegithina viridissima",17.2,26,"F27","Sound recordings","Aural","irfan","irfan F27",NA,NA,1,"Aegithina"
"14","Aegithina viridissima",10.2,22,"F02","Sound recordings","Aural","irfan","irfan F02",NA,NA,2,"Aegithina"
"15","Aegithina viridissima",0,14,"F04","Sound recordings","Aural","irfan","irfan F04",NA,NA,2,"Aegithina"
"16","Aegithina viridissima",4.4,20,"F26","Sound recordings","Aural","irfan","irfan F26",NA,NA,1,"Aegithina"
"17","Aegithina viridissima",0,18,"F08","Sound recordings","Aural","edho","edho F08",NA,"left channel excluded, defective US mic",1,"Aegithina"
"18","Aegithina viridissima",12.2,23,"F17","Sound recordings","Aural","edho","edho F17",NA,"left channel excluded, defective US mic",1,"Aegithina"
"19","Aegithina viridissima",0,18,"F15","Sound recordings","Aural","edho","edho F15",NA,"left channel excluded, defective US mic",2,"Aegithina"
"20","Aegithina viridissima",0,18,"F10","Sound recordings","Aural","edho","edho F10",NA,NA,1,"Aegithina"
"21","Aegithina viridissima",4.4,20,"F11","Sound recordings","Aural","edho","edho F11",NA,"left channel excluded, defective US mic",2,"Aegithina"
"22","Aegithina viridissima",4.4,20,"F12","Sound recordings","Aural","edho","edho F12",NA,"left channel excluded, defective US mic",2,"Aegithina"
"23","Aegithina viridissima",15.6,25,"F24","Sound recordings","Aural","edho","edho F24",NA,"left channel excluded, defective US mic",1,"Aegithina"
"24","Aegithina viridissima",18.7,27,"F27","Sound recordings","Aural","edho","edho F27",NA,"left channel excluded, defective US mic",1,"Aegithina"
"25","Aegithina viridissima",15.6,25,"F02","Sound recordings","Aural","edho","edho F02",NA,"left channel excluded, defective US mic",1,"Aegithina"
"26","Aegithina viridissima",4.4,20,"F04","Sound recordings","Aural","edho","edho F04",NA,NA,1,"Aegithina"
"27","Aethopyga siparaja",11.3,12,"F17","Sound recordings","Aural","irfan","irfan F17",NA,NA,2,"Aethopyga"
"28","Aethopyga siparaja",9.1,10,"F27","Sound recordings","Aural","irfan","irfan F27",NA,NA,1,"Aethopyga"
"29","Alophoixus phaeocephalus",15.8,16,"F04","Sound recordings","Aural","irfan","irfan F04",NA,NA,1,"Alophoixus"
"30","Anthreptes simplex",13.2,14,"F02","Sound recordings","Aural","irfan","irfan F02",NA,NA,1,"Anthreptes"
"31","Arachnothera affinis",19,22,"F04","Sound recordings","Aural","irfan","irfan F04",NA,NA,1,"Arachnothera"
"32","Arachnothera hypogrammica",6.1,8,"F25","Sound recordings","Aural","irfan","irfan F25",NA,NA,1,"Arachnothera"
"33","Arachnothera hypogrammica",17.2,18,"F21","Sound recordings","Aural","irfan","irfan F21",NA,NA,2,"Arachnothera"
"34","Arachnothera hypogrammica",23.4,24,"F22","Sound recordings","Aural","irfan","irfan F22",NA,NA,1,"Arachnothera"
"35","Arachnothera hypogrammica",10.8,12,"F15","Sound recordings","Aural","irfan","irfan F15",NA,NA,1,"Arachnothera"
"36","Arachnothera hypogrammica",17.2,18,"F06","Sound recordings","Aural","irfan","irfan F06",NA,NA,1,"Arachnothera"
"37","Arachnothera hypogrammica",8.6,10,"F16","Sound recordings","Aural","irfan","irfan F16",NA,NA,1,"Arachnothera"
"38","Arachnothera hypogrammica",15.1,16,"F13","Sound recordings","Aural","irfan","irfan F13",NA,NA,1,"Arachnothera"
"39","Arachnothera hypogrammica",15.1,16,"F11","Sound recordings","Aural","irfan","irfan F11",NA,NA,1,"Arachnothera"
"40","Arachnothera hypogrammica",17.2,18,"F02","Sound recordings","Aural","irfan","irfan F02",NA,NA,1,"Arachnothera"
"41","Arachnothera hypogrammica",19.3,20,"F04","Sound recordings","Aural","irfan","irfan F04",NA,NA,1,"Arachnothera"
"42","Arachnothera hypogrammica",10.8,12,"F26","Sound recordings","Aural","irfan","irfan F26",NA,NA,1,"Arachnothera"
"43","Arachnothera hypogrammica",21.4,22,"F14","Sound recordings","Aural","edho","edho F14",NA,"left channel excluded, defective US mic",1,"Arachnothera"
"44","Arachnothera hypogrammica",19.3,20,"F17","Sound recordings","Aural","edho","edho F17",NA,"left channel excluded, defective US mic",1,"Arachnothera"
"45","Arachnothera hypogrammica",16.2,17,"F15","Sound recordings","Aural","edho","edho F15",NA,"left channel excluded, defective US mic",1,"Arachnothera"
"46","Arachnothera hypogrammica",23.4,24,"F06","Sound recordings","Aural","edho","edho F06",NA,"left channel excluded, defective US mic",1,"Arachnothera"
"47","Arachnothera hypogrammica",13,14,"F10","Sound recordings","Aural","edho","edho F10",NA,NA,2,"Arachnothera"
"48","Arachnothera hypogrammica",25.5,26,"F13","Sound recordings","Aural","edho","edho F13",NA,NA,1,"Arachnothera"
"49","Arachnothera hypogrammica",24.5,25,"F11","Sound recordings","Aural","edho","edho F11",NA,"left channel excluded, defective US mic",1,"Arachnothera"
"50","Arachnothera hypogrammica",8.6,10,"F04","Sound recordings","Aural","edho","edho F04",NA,NA,1,"Arachnothera"
"51","Arachnothera hypogrammica",23.4,24,"F26","Sound recordings","Aural","edho","edho F26",NA,"left channel excluded, defective US mic",1,"Arachnothera"
"52","Arachnothera longirostra",8,8,"F14","Sound recordings","Aural","irfan","irfan F14",NA,NA,1,"Arachnothera"
"53","Arachnothera longirostra",18,18,"F10","Sound recordings","Aural","irfan","irfan F10",NA,NA,1,"Arachnothera"
"54","Arachnothera longirostra",26,26,"F13","Sound recordings","Aural","irfan","irfan F13",NA,NA,1,"Arachnothera"
"55","Arachnothera longirostra",24,24,"F26","Sound recordings","Aural","irfan","irfan F26",NA,NA,1,"Arachnothera"
"56","Arachnothera longirostra",20,20,"F26","Sound recordings","Aural","irfan","irfan F26",NA,NA,1,"Arachnothera"
"57","Arachnothera longirostra",10,10,"F10","Sound recordings","Aural","edho","edho F10",NA,NA,1,"Arachnothera"
"58","Brachypodius atriceps",23,23,"F10","Sound recordings","Aural","irfan","irfan F10",NA,NA,1,"Brachypodius"
"59","Brachypodius atriceps",5.8,6,"F03","Sound recordings","Aural","irfan","irfan F03",NA,NA,1,"Brachypodius"
"60","Buceros bicornis",0,8,"F04","Sound recordings","Aural","edho","edho F04",NA,NA,1,"Buceros"
"61","Cacomantis merulinus",33.3,36,"F19","Sound recordings","Aural","irfan","irfan F19",NA,NA,1,"Cacomantis"
"62","Cacomantis merulinus",35.4,38,"F28","Sound recordings","Aural","irfan","irfan F28",NA,NA,1,"Cacomantis"
"63","Cacomantis merulinus",31.1,34,"F10","Sound recordings","Aural","edho","edho F10",NA,NA,1,"Cacomantis"
"64","Cacomantis sonneratii",39.8,40,"F19","Sound recordings","Aural","irfan","irfan F19",NA,NA,1,"Cacomantis"
"65","Cacomantis sonneratii",35.8,36,"F28","Sound recordings","Aural","irfan","irfan F28",NA,NA,1,"Cacomantis"
"66","Cacomantis sonneratii",39.8,40,"F13","Sound recordings","Aural","irfan","irfan F13",NA,NA,1,"Cacomantis"
"67","Cacomantis sonneratii",37.8,38,"F11","Sound recordings","Aural","irfan","irfan F11",NA,NA,1,"Cacomantis"
"68","Cacomantis sonneratii",25.8,26,"F12","Sound recordings","Aural","irfan","irfan F12",NA,NA,1,"Cacomantis"
"69","Cacomantis sonneratii",25.8,26,"F09","Sound recordings","Aural","edho","edho F09",NA,NA,1,"Cacomantis"
"70","Cacomantis variolosus",27.4,28,"F19","Sound recordings","Aural","rico","edho F19",NA,NA,1,"Cacomantis"
"71","Centropus bengalensis",42,42,"F10","Sound recordings","Aural","irfan","irfan F10",NA,NA,1,"Centropus"
"72","Centropus bengalensis",40,40,"F28","Sound recordings","Aural","edho","edho F28",NA,"left channel excluded, defective US mic",1,"Centropus"
"73","Centropus sinensis",40,40,"F09","Sound recordings","Aural","edho","edho F09",NA,NA,1,"Centropus"
"74","Chalcophaps indica",28,28,"F07","Sound recordings","Aural","kevin","irfan F07",NA,NA,1,"Chalcophaps"
"75","Chalcophaps indica",30,30,"F10","Sound recordings","Aural","edho","edho F10",NA,NA,1,"Chalcophaps"
"76","Chalcophaps indica",50,50,"F13","Sound recordings","Aural","edho","edho F13",NA,NA,1,"Chalcophaps"
"77","Chrysococcyx xanthorhynchus",44.6,45,"F07","Sound recordings","Aural","irfan","irfan F07",NA,NA,1,"Chrysococcyx"
"78","Chrysococcyx xanthorhynchus",19.2,20,"F16","Sound recordings","Aural","irfan","irfan F16",NA,NA,1,"Chrysococcyx"
"79","Chrysophlegma miniaceum",20.5,22,"F22","Sound recordings","Aural","irfan","irfan F22",NA,NA,1,"Chrysophlegma"
"80","Corvus macrorhynchos",60,60,"F24","Sound recordings","Aural","edho","edho F24",NA,"left channel excluded, defective US mic",1,"Corvus"
"81","Cyanoderma erythropterum",39.7,40,"F25","Sound recordings","Aural","irfan","irfan F25",NA,NA,1,"Cyanoderma"
"82","Cyanoderma erythropterum",39.7,40,"F19","Sound recordings","Aural","kevin","irfan F19",NA,NA,1,"Cyanoderma"
"83","Cyanoderma erythropterum",29.6,30,"F22","Sound recordings","Aural","irfan","irfan F22",NA,NA,1,"Cyanoderma"
"84","Cyanoderma erythropterum",35.7,36,"F16","Sound recordings","Aural","irfan","irfan F16",NA,NA,1,"Cyanoderma"
"85","Cyanoderma erythropterum",39.7,40,"F13","Sound recordings","Aural","irfan","irfan F13",NA,NA,1,"Cyanoderma"
"86","Cyanoderma erythropterum",19.4,20,"F24","Sound recordings","Aural","irfan","irfan F24",NA,NA,1,"Cyanoderma"
"87","Cyanoderma erythropterum",44.7,45,"F06","Sound recordings","Aural","edho","edho F06",NA,"left channel excluded, defective US mic",1,"Cyanoderma"
"88","Cyanoderma erythropterum",31.6,32,"F10","Sound recordings","Aural","edho","edho F10",NA,NA,1,"Cyanoderma"
"89","Cyornis umbratilis",12.8,14,"F17","Sound recordings","Aural","irfan","irfan F17",NA,NA,1,"Cyornis"
"90","Dicaeum minullum",25.9,28,"F07","Sound recordings","Aural","kevin","edho F07",NA,NA,1,"Dicaeum"
"91","Dicaeum trigonostigma",24.8,26,"F08","Sound recordings","Aural","irfan","irfan F08",NA,NA,1,"Dicaeum"
"92","Dicaeum trigonostigma",6.4,10,"F17","Sound recordings","Aural","irfan","irfan F17",NA,NA,1,"Dicaeum"
"93","Dicaeum trigonostigma",14,16,"F18","Sound recordings","Aural","irfan","irfan F18",NA,NA,1,"Dicaeum"
"94","Dicaeum trigonostigma",20.6,22,"F07","Sound recordings","Aural","irfan","irfan F07",NA,NA,2,"Dicaeum"
"95","Dicaeum trigonostigma",11.7,14,"F09","Sound recordings","Aural","irfan","irfan F09",NA,NA,1,"Dicaeum"
"96","Dicaeum trigonostigma",6.4,10,"F22","Sound recordings","Aural","irfan","irfan F22",NA,NA,1,"Dicaeum"
"97","Dicaeum trigonostigma",14,16,"F28","Sound recordings","Aural","irfan","irfan F28",NA,NA,1,"Dicaeum"
"98","Dicaeum trigonostigma",14,16,"F10","Sound recordings","Aural","irfan","irfan F10",NA,NA,1,"Dicaeum"
"99","Dicaeum trigonostigma",6.4,10,"F16","Sound recordings","Aural","irfan","irfan F16",NA,NA,2,"Dicaeum"
"100","Dicaeum trigonostigma",29,30,"F13","Sound recordings","Aural","irfan","irfan F13",NA,NA,1,"Dicaeum"
"101","Dicaeum trigonostigma",24.8,26,"F11","Sound recordings","Aural","irfan","irfan F11",NA,NA,1,"Dicaeum"
"102","Dicaeum trigonostigma",11.7,14,"F12","Sound recordings","Aural","irfan","irfan F12",NA,NA,1,"Dicaeum"
"103","Dicaeum trigonostigma",14,16,"F23","Sound recordings","Aural","irfan","irfan F23",NA,NA,1,"Dicaeum"
"104","Dicaeum trigonostigma",20.6,22,"F03","Sound recordings","Aural","irfan","irfan F03",NA,NA,1,"Dicaeum"
"105","Dicaeum trigonostigma",16.3,18,"F24","Sound recordings","Aural","irfan","irfan F24",NA,NA,1,"Dicaeum"
"106","Dicaeum trigonostigma",16.3,18,"F20","Sound recordings","Aural","irfan","irfan F20",NA,NA,1,"Dicaeum"
"107","Dicaeum trigonostigma",11.7,14,"F02","Sound recordings","Aural","irfan","irfan F02",NA,NA,1,"Dicaeum"
"108","Dicaeum trigonostigma",18.5,20,"F26","Sound recordings","Aural","irfan","irfan F26",NA,NA,1,"Dicaeum"
"109","Dicaeum trigonostigma",9.2,12,"F08","Sound recordings","Aural","edho","edho F08",NA,"left channel excluded, defective US mic",1,"Dicaeum"
"110","Dicaeum trigonostigma",9.2,12,"F14","Sound recordings","Aural","edho","edho F14",NA,"left channel excluded, defective US mic",2,"Dicaeum"
"111","Dicaeum trigonostigma",24.8,26,"F19","Sound recordings","Aural","kevin","edho F19",NA,NA,1,"Dicaeum"
"112","Dicaeum trigonostigma",18.5,20,"F09","Sound recordings","Aural","edho","edho F09",NA,NA,1,"Dicaeum"
"113","Dicaeum trigonostigma",16.3,18,"F10","Sound recordings","Aural","edho","edho F10",NA,NA,1,"Dicaeum"
"114","Dicaeum trigonostigma",2.2,8,"F10","Sound recordings","Aural","edho","edho F10",NA,NA,1,"Dicaeum"
"115","Dicaeum trigonostigma",24.8,26,"F16","Sound recordings","Aural","edho","edho F16",NA,NA,1,"Dicaeum"
"116","Dicaeum trigonostigma",18.5,20,"F16","Sound recordings","Aural","edho","edho F16",NA,NA,1,"Dicaeum"
"117","Dicaeum trigonostigma",22.7,24,"F13","Sound recordings","Aural","edho","edho F13",NA,NA,1,"Dicaeum"
"118","Dicaeum trigonostigma",26.9,28,"F13","Sound recordings","Aural","edho","edho F13",NA,NA,1,"Dicaeum"
"119","Dicaeum trigonostigma",23.8,25,"F27","Sound recordings","Aural","edho","edho F27",NA,"left channel excluded, defective US mic",1,"Dicaeum"
"120","Dicrurus aeneus",22,24,"F18","Sound recordings","Aural","irfan","irfan F18",NA,NA,1,"Dicrurus"
"121","Dicrurus aeneus",15.3,18,"F28","Sound recordings","Aural","irfan","irfan F28",NA,NA,1,"Dicrurus"
"122","Dicrurus paradiseus",12.8,14,"F06","Sound recordings","Aural","irfan","irfan F06",NA,NA,1,"Dicrurus"
"123","Dicrurus paradiseus",19.2,20,"F13","Sound recordings","Aural","irfan","irfan F13",NA,NA,1,"Dicrurus"
"124","Dicrurus paradiseus",19.2,20,"F27","Sound recordings","Aural","irfan","irfan F27",NA,NA,1,"Dicrurus"
"125","Dicrurus paradiseus",25.4,26,"F04","Sound recordings","Aural","irfan","irfan F04",NA,NA,1,"Dicrurus"
"126","Euptilotus eutilotus",18.8,20,"F28","Sound recordings","Aural","irfan","irfan F28",NA,NA,1,"Euptilotus"
"127","Euptilotus eutilotus",13.4,15,"F26","Sound recordings","Aural","irfan","irfan F26",NA,NA,2,"Euptilotus"
"128","Eurylaimus ochromalus",30,30,"F22","Sound recordings","Aural","irfan","irfan F22",NA,NA,1,"Eurylaimus"
"129","Eurylaimus ochromalus",20,20,"F04","Sound recordings","Aural","irfan","irfan F04",NA,NA,1,"Eurylaimus"
"130","Eurylaimus ochromalus",26,26,"F04","Sound recordings","Aural","irfan","irfan F04",NA,NA,1,"Eurylaimus"
"131","Eurylaimus ochromalus",26,26,"F26","Sound recordings","Aural","irfan","irfan F26",NA,NA,1,"Eurylaimus"
"132","Eurylaimus ochromalus",28,28,"F17","Sound recordings","Aural","edho","edho F17",NA,"left channel excluded, defective US mic",1,"Eurylaimus"
"133","Eurylaimus ochromalus",40,40,"F06","Sound recordings","Aural","edho","edho F06",NA,"left channel excluded, defective US mic",1,"Eurylaimus"
"134","Eurylaimus ochromalus",36,36,"F10","Sound recordings","Aural","edho","edho F10",NA,NA,1,"Eurylaimus"
"135","Eurylaimus ochromalus",26,26,"F04","Sound recordings","Aural","edho","edho F04",NA,NA,1,"Eurylaimus"
"136","Gallus gallus",28,28,"F25","Sound recordings","Aural","irfan","irfan F25",NA,NA,1,"Gallus"
"137","Gallus gallus",42,42,"F18","Sound recordings","Aural","irfan","irfan F18",NA,NA,1,"Gallus"
"138","Gallus gallus",60,60,"F19","Sound recordings","Aural","irfan","irfan F19",NA,NA,1,"Gallus"
"139","Gallus gallus",60,60,"F09","Sound recordings","Aural","irfan","irfan F09",NA,NA,1,"Gallus"
"140","Gallus gallus",65,65,"F10","Sound recordings","Aural","rico","irfan F10",NA,NA,1,"Gallus"
"141","Gallus gallus",60,60,"F27","Sound recordings","Aural","irfan","irfan F27",NA,NA,1,"Gallus"
"142","Gallus gallus",26,26,"F19","Sound recordings","Aural","edho","edho F19",NA,NA,1,"Gallus"
"143","Geopelia striata",55,55,"F10","Sound recordings","Aural","irfan","irfan F10",NA,NA,1,"Geopelia"
"144","Geopelia striata",36,36,"F26","Sound recordings","Aural","irfan","irfan F26",NA,NA,2,"Geopelia"
"145","Geopelia striata",50,50,"F15","Sound recordings","Aural","edho","edho F15",NA,"left channel excluded, defective US mic",1,"Geopelia"
"146","Gerygone sulphurea",0,8,"F13","Sound recordings","Aural","edho","edho F13",NA,NA,2,"Gerygone"
"147","Halcyon smyrnensis",19.9,20,"F08","Sound recordings","Aural","edho","edho F08",NA,"left channel excluded, defective US mic",1,"Halcyon"
"148","Harpactes diardii",23.9,24,"F02","Sound recordings","Aural","irfan","irfan F02",NA,NA,1,"Harpactes"
"149","Hemipus hirundinaceus",14,24,"F06","Sound recordings","Aural","irfan","irfan F06",NA,NA,1,"Hemipus"
"150","Hemipus hirundinaceus",17.2,26,"F12","Sound recordings","Aural","irfan","irfan F12",NA,NA,1,"Hemipus"
"151","Irena puella",13.2,18,"F11","Sound recordings","Aural","irfan","irfan F11",NA,NA,1,"Irena"
"152","Ketupa ketupu",30,30,"F06","Sound recordings","Aural","irfan","irfan F06",NA,NA,1,"Ketupa"
"153","Leptocoma sperata",15.2,18,"F14","Sound recordings","Aural","irfan","irfan F14",NA,NA,1,"Leptocoma"
"154","Loriculus galgulus",0,12,"F10","Sound recordings","Aural","edho","edho F10",NA,NA,1,"Loriculus"
"155","Loriculus galgulus",24.4,28,"F13","Sound recordings","Aural","edho","edho F13",NA,NA,1,"Loriculus"
"156","Loriculus galgulus",6.1,15,"F11","Sound recordings","Aural","edho","edho F11",NA,"left channel excluded, defective US mic",1,"Loriculus"
"157","Loriculus galgulus",42.9,45,"F12","Sound recordings","Aural","edho","edho F12",NA,"left channel excluded, defective US mic",2,"Loriculus"
"158","Macheiramphus alcinus",0,4,"F17","Sound recordings","Aural","irfan","irfan F17",NA,NA,2,"Macheiramphus"
"159","Macheiramphus alcinus",6.1,10,"F17","Sound recordings","Aural","edho","edho F17",NA,"left channel excluded, defective US mic",1,"Macheiramphus"
"160","Macronus ptilosus",34,34,"F08","Sound recordings","Aural","irfan","irfan F08",NA,NA,1,"Macronus"
"161","Macronus ptilosus",34,34,"F18","Sound recordings","Aural","irfan","irfan F18",NA,NA,1,"Macronus"
"162","Macronus ptilosus",28,28,"F06","Sound recordings","Aural","irfan","irfan F06",NA,NA,1,"Macronus"
"163","Macronus ptilosus",28,28,"F27","Sound recordings","Aural","irfan","irfan F27",NA,NA,1,"Macronus"
"164","Macronus ptilosus",28,28,"F04","Sound recordings","Aural","irfan","irfan F04",NA,NA,1,"Macronus"
"165","Macronus ptilosus",26,26,"F26","Sound recordings","Aural","irfan","irfan F26",NA,NA,1,"Macronus"
"166","Macronus ptilosus",34,34,"F19","Sound recordings","Aural","edho","edho F19",NA,NA,1,"Macronus"
"167","Macronus ptilosus",35,35,"F15","Sound recordings","Aural","edho","edho F15",NA,"left channel excluded, defective US mic",1,"Macronus"
"168","Macronus ptilosus",36,36,"F10","Sound recordings","Aural","edho","edho F10",NA,NA,1,"Macronus"
"169","Macronus ptilosus",34,34,"F13","Sound recordings","Aural","edho","edho F13",NA,NA,1,"Macronus"
"170","Macronus ptilosus",50,50,"F27","Sound recordings","Aural","edho","edho F27",NA,"left channel excluded, defective US mic",1,"Macronus"
"171","Malacopteron affine",27.5,28,"F19","Sound recordings","Aural","edho","edho F19",NA,NA,1,"Malacopteron"
"172","Malacopteron cinereum",27.7,28,"F04","Sound recordings","Aural","irfan","irfan F04",NA,NA,1,"Malacopteron"
"173","Malacopteron magnirostre",6.2,8,"F07","Sound recordings","Aural","irfan","irfan F07",NA,NA,1,"Malacopteron"
"174","Malacopteron magnirostre",15.2,16,"F07","Sound recordings","Aural","irfan","irfan F07",NA,NA,1,"Malacopteron"
"175","Malacopteron magnirostre",25.5,26,"F09","Sound recordings","Aural","irfan","irfan F09",NA,NA,1,"Malacopteron"
"176","Malacopteron magnirostre",8.7,10,"F11","Sound recordings","Aural","irfan","irfan F11",NA,NA,1,"Malacopteron"
"177","Malacopteron magnirostre",17.3,18,"F12","Sound recordings","Aural","irfan","irfan F12",NA,NA,1,"Malacopteron"
"178","Malacopteron magnirostre",21.4,22,"F09","Sound recordings","Aural","edho","edho F09",NA,NA,1,"Malacopteron"
"179","Malacopteron magnirostre",17.3,18,"F10","Sound recordings","Aural","kevin","edho F10",NA,NA,1,"Malacopteron"
"180","Malacopteron magnirostre",29.6,30,"F11","Sound recordings","Aural","edho","edho F11",NA,"left channel excluded, defective US mic",1,"Malacopteron"
"181","Malacopteron magnirostre",14.1,15,"F12","Sound recordings","Aural","edho","edho F12",NA,"left channel excluded, defective US mic",1,"Malacopteron"
"182","Malacopteron magnirostre",19.4,20,"F04","Sound recordings","Aural","edho","edho F04",NA,NA,1,"Malacopteron"
"183","Malacopteron magnum",15.5,16,"F26","Sound recordings","Aural","irfan","irfan F26",NA,NA,2,"Malacopteron"
"184","Micropternus brachyurus",12.1,14,"F17","Sound recordings","Aural","irfan","irfan F17",NA,NA,1,"Micropternus"
"185","Mixornis gularis",26,26,"F22","Sound recordings","Aural","irfan","irfan F22",NA,NA,1,"Mixornis"
"186","Mixornis gularis",35,35,"F17","Sound recordings","Aural","edho","edho F17",NA,"left channel excluded, defective US mic",1,"Mixornis"
"187","Mixornis gularis",38,38,"F19","Sound recordings","Aural","edho","edho F19",NA,NA,1,"Mixornis"
"188","Mixornis gularis",40,40,"F02","Sound recordings","Aural","edho","edho F02",NA,"left channel excluded, defective US mic",1,"Mixornis"
"189","Mixornis gularis",18,18,"F04","Sound recordings","Aural","edho","edho F04",NA,NA,1,"Mixornis"
"190","Mixornis gularis",24,24,"F04","Sound recordings","Aural","edho","edho F04",NA,NA,1,"Mixornis"
"191","Nisaetus cirrhatus",0,NA,"F02","Sound recordings","Aural","edho","edho F02",NA,"left channel excluded, defective US mic",1,"Nisaetus"
"192","Oriolus xanthornus",10.8,14,"F21","Sound recordings","Aural","irfan","irfan F21",NA,NA,1,"Oriolus"
"193","Orthotomus atrogularis",11.9,12,"F08","Sound recordings","Aural","irfan","irfan F08",NA,NA,2,"Orthotomus"
"194","Orthotomus atrogularis",17.9,18,"F15","Sound recordings","Aural","irfan","irfan F15",NA,NA,1,"Orthotomus"
"195","Orthotomus atrogularis",11.9,12,"F16","Sound recordings","Aural","irfan","irfan F16",NA,NA,1,"Orthotomus"
"196","Orthotomus atrogularis",21.9,22,"F13","Sound recordings","Aural","irfan","irfan F13",NA,NA,1,"Orthotomus"
"197","Orthotomus atrogularis",21.9,22,"F12","Sound recordings","Aural","irfan","irfan F12",NA,NA,1,"Orthotomus"
"198","Orthotomus atrogularis",19.9,20,"F27","Sound recordings","Aural","irfan","irfan F27",NA,NA,1,"Orthotomus"
"199","Orthotomus atrogularis",27.9,28,"F26","Sound recordings","Aural","irfan","irfan F26",NA,NA,1,"Orthotomus"
"200","Orthotomus atrogularis",11.9,12,"F17","Sound recordings","Aural","edho","edho F17",NA,"left channel excluded, defective US mic",2,"Orthotomus"
"201","Orthotomus atrogularis",23.9,24,"F09","Sound recordings","Aural","edho","edho F09",NA,NA,1,"Orthotomus"
"202","Orthotomus atrogularis",15.9,16,"F10","Sound recordings","Aural","edho","edho F10",NA,NA,1,"Orthotomus"
"203","Orthotomus atrogularis",17.9,18,"F16","Sound recordings","Aural","edho","edho F16",NA,NA,1,"Orthotomus"
"204","Orthotomus atrogularis",21.9,22,"F16","Sound recordings","Aural","edho","edho F16",NA,NA,1,"Orthotomus"
"205","Orthotomus atrogularis",24.9,25,"F11","Sound recordings","Aural","edho","edho F11",NA,"left channel excluded, defective US mic",1,"Orthotomus"
"206","Orthotomus ruficeps",22.7,24,"F19","Sound recordings","Aural","irfan","irfan F19",NA,NA,2,"Orthotomus"
"207","Orthotomus ruficeps",20.5,22,"F22","Sound recordings","Aural","irfan","irfan F22",NA,NA,1,"Orthotomus"
"208","Orthotomus ruficeps",12.7,15,"F08","Sound recordings","Aural","edho","edho F08",NA,"left channel excluded, defective US mic",2,"Orthotomus"
"209","Orthotomus ruficeps",15.1,17,"F17","Sound recordings","Aural","edho","edho F17",NA,"left channel excluded, defective US mic",2,"Orthotomus"
"210","Orthotomus ruficeps",26.9,28,"F19","Sound recordings","Aural","kevin","edho F19",NA,NA,1,"Orthotomus"
"211","Orthotomus ruficeps",18.4,20,"F28","Sound recordings","Aural","edho","edho F28",NA,"left channel excluded, defective US mic",2,"Orthotomus"
"212","Orthotomus ruficeps",6.1,10,"F10","Sound recordings","Aural","edho","edho F10",NA,NA,1,"Orthotomus"
"213","Orthotomus ruficeps",9,12,"F10","Sound recordings","Aural","edho","edho F10",NA,NA,1,"Orthotomus"
"214","Orthotomus ruficeps",18.4,20,"F13","Sound recordings","Aural","edho","edho F13",NA,NA,1,"Orthotomus"
"215","Pellorneum nigrocapitatum",18,18,"F02","Sound recordings","Aural","irfan","irfan F02",NA,NA,1,"Pellorneum"
"216","Phaenicophaeus tristis",35.5,36,"F13","Sound recordings","Aural","kevin","edho F13",NA,NA,1,"Phaenicophaeus"
"217","Pitta sordida",15.9,16,"F27","Sound recordings","Aural","irfan","irfan F27",NA,NA,1,"Pitta"
"218","Platysmurus leucopterus",11.7,14,"F10","Sound recordings","Aural","irfan","irfan F10",NA,NA,1,"Platysmurus"
"219","Platysmurus leucopterus",22.7,24,"F16","Sound recordings","Aural","irfan","irfan F16",NA,NA,1,"Platysmurus"
"220","Platysmurus leucopterus",35.2,36,"F24","Sound recordings","Aural","irfan","irfan F24",NA,NA,1,"Platysmurus"
"221","Platysmurus leucopterus",35.2,36,"F10","Sound recordings","Aural","edho","edho F10",NA,NA,1,"Platysmurus"
"222","Platysmurus leucopterus",49.4,50,"F12","Sound recordings","Aural","edho","edho F12",NA,"left channel excluded, defective US mic",1,"Platysmurus"
"223","Pomatorhinus montanus",26,26,"F25","Sound recordings","Aural","irfan","irfan F25",NA,NA,1,"Pomatorhinus"
"224","Pomatorhinus montanus",28,28,"F06","Sound recordings","Aural","kevin","irfan F06",NA,NA,1,"Pomatorhinus"
"225","Prinia familiaris",19.2,20,"F17","Sound recordings","Aural","irfan","irfan F17",NA,NA,1,"Prinia"
"226","Prinia familiaris",27.4,28,"F03","Sound recordings","Aural","irfan","irfan F03",NA,NA,1,"Prinia"
"227","Prinia familiaris",24.4,25,"F14","Sound recordings","Aural","edho","edho F14",NA,"left channel excluded, defective US mic",1,"Prinia"
"228","Prinia flaviventris",13,13,"F14","Sound recordings","Aural","irfan","irfan F14",NA,NA,1,"Prinia"
"229","Prinia flaviventris",20,20,"F13","Sound recordings","Aural","irfan","irfan F13",NA,NA,1,"Prinia"
"230","Prinia flaviventris",16,16,"F08","Sound recordings","Aural","edho","edho F08",NA,"left channel excluded, defective US mic",2,"Prinia"
"231","Prinia flaviventris",24,24,"F10","Sound recordings","Aural","edho","edho F10",NA,NA,1,"Prinia"
"232","Prinia flaviventris",18,18,"F16","Sound recordings","Aural","edho","edho F16",NA,NA,1,"Prinia"
"233","Prinia flaviventris",20,20,"F13","Sound recordings","Aural","edho","edho F13",NA,NA,1,"Prinia"
"234","Prinia flaviventris",22,22,"F13","Sound recordings","Aural","edho","edho F13",NA,NA,1,"Prinia"
"235","Prionochilus maculatus",16.5,18,"F20","Sound recordings","Aural","edho","edho F20",NA,"left channel excluded, defective US mic",1,"Prionochilus"
"236","Psilopogon duvaucelii",0,8,"F28","Sound recordings","Aural","irfan","irfan F28",NA,NA,1,"Psilopogon"
"237","Psilopogon duvaucelii",33.9,36,"F04","Sound recordings","Aural","kevin","edho F04",NA,NA,1,"Psilopogon"
"238","Psilopogon mystacophanos",29.9,30,"F27","Sound recordings","Aural","edho","edho F27",NA,"left channel excluded, defective US mic",1,"Psilopogon"
"239","Psittacula longicauda",0,8,"F13","Sound recordings","Aural","edho","edho F13",NA,NA,1,"Psittacula"
"240","Psittacula longicauda",26.7,30,"F12","Sound recordings","Aural","edho","edho F12",NA,"left channel excluded, defective US mic",2,"Psittacula"
"241","Pycnonotus brunneus",10.7,12,"F13","Sound recordings","Aural","irfan","irfan F13",NA,NA,1,"Pycnonotus"
"242","Pycnonotus cyaniventris",17.3,24,"F24","Sound recordings","Aural","irfan","irfan F24",NA,NA,1,"Pycnonotus"
"243","Pycnonotus cyaniventris",14.4,22,"F20","Sound recordings","Aural","irfan","irfan F20",NA,NA,1,"Pycnonotus"
"244","Pycnonotus cyaniventris",17.3,24,"F27","Sound recordings","Aural","irfan","irfan F27",NA,NA,1,"Pycnonotus"
"245","Pycnonotus erythropthalmos",28.9,30,"F17","Sound recordings","Aural","irfan","irfan F17",NA,NA,1,"Pycnonotus"
"246","Pycnonotus erythropthalmos",20.5,22,"F28","Sound recordings","Aural","irfan","irfan F28",NA,NA,1,"Pycnonotus"
"247","Pycnonotus erythropthalmos",13.9,16,"F06","Sound recordings","Aural","rico","irfan F06",NA,NA,1,"Pycnonotus"
"248","Pycnonotus erythropthalmos",18.4,20,"F16","Sound recordings","Aural","irfan","irfan F16",NA,NA,1,"Pycnonotus"
"249","Pycnonotus erythropthalmos",15.1,17,"F12","Sound recordings","Aural","irfan","irfan F12",NA,NA,1,"Pycnonotus"
"250","Pycnonotus erythropthalmos",24.8,26,"F24","Sound recordings","Aural","irfan","irfan F24",NA,NA,1,"Pycnonotus"
"251","Pycnonotus erythropthalmos",9,12,"F04","Sound recordings","Aural","irfan","irfan F04",NA,NA,1,"Pycnonotus"
"252","Pycnonotus erythropthalmos",16.2,18,"F26","Sound recordings","Aural","irfan","irfan F26",NA,NA,1,"Pycnonotus"
"253","Pycnonotus goiavier",18,18,"F19","Sound recordings","Aural","irfan","irfan F19",NA,NA,1,"Pycnonotus"
"254","Pycnonotus goiavier",12,12,"F22","Sound recordings","Aural","irfan","irfan F22",NA,NA,1,"Pycnonotus"
"255","Pycnonotus goiavier",14,14,"F28","Sound recordings","Aural","irfan","irfan F28",NA,NA,2,"Pycnonotus"
"256","Pycnonotus goiavier",28,28,"F10","Sound recordings","Aural","irfan","irfan F10",NA,NA,1,"Pycnonotus"
"257","Pycnonotus goiavier",18,18,"F26","Sound recordings","Aural","irfan","irfan F26",NA,NA,2,"Pycnonotus"
"258","Pycnonotus goiavier",22,22,"F19","Sound recordings","Aural","edho","edho F19",NA,NA,2,"Pycnonotus"
"259","Pycnonotus goiavier",12,12,"F10","Sound recordings","Aural","edho","edho F10",NA,NA,1,"Pycnonotus"
"260","Pycnonotus goiavier",22,22,"F13","Sound recordings","Aural","edho","edho F13",NA,NA,1,"Pycnonotus"
"261","Pycnonotus goiavier",16,16,"F23","Sound recordings","Aural","edho","edho F23",NA,"left channel excluded, defective US mic",1,"Pycnonotus"
"262","Pycnonotus plumosus",12,12,"F28","Sound recordings","Aural","irfan","irfan F28",NA,NA,1,"Pycnonotus"
"263","Pycnonotus plumosus",20,20,"F13","Sound recordings","Aural","irfan","irfan F13",NA,NA,1,"Pycnonotus"
"264","Pycnonotus simplex",25.1,26,"F19","Sound recordings","Aural","irfan","irfan F19",NA,NA,1,"Pycnonotus"
"265","Pycnonotus simplex",23,24,"F10","Sound recordings","Aural","irfan","irfan F10",NA,NA,1,"Pycnonotus"
"266","Pycnonotus simplex",18.8,20,"F12","Sound recordings","Aural","irfan","irfan F12",NA,NA,1,"Pycnonotus"
"267","Pycnonotus simplex",25.1,26,"F24","Sound recordings","Aural","irfan","irfan F24",NA,NA,1,"Pycnonotus"
"268","Pycnonotus simplex",16.7,18,"F13","Sound recordings","Aural","edho","edho F13",NA,NA,1,"Pycnonotus"
"269","Rhyticeros undulatus",68.7,70,"F15","Sound recordings","Aural","irfan","irfan F15",NA,NA,1,"Rhyticeros"
"270","Spilopelia chinensis",30,30,"F10","Sound recordings","Aural","edho","edho F10",NA,NA,2,"Spilopelia"
"271","Stachyris maculata",25.7,26,"F14","Sound recordings","Aural","irfan","irfan F14",NA,NA,1,"Stachyris"
"272","Stachyris maculata",29.7,30,"F26","Sound recordings","Aural","irfan","irfan F26",NA,NA,1,"Stachyris"
"273","Stachyris maculata",25.7,26,"F04","Sound recordings","Aural","edho","edho F04",NA,NA,1,"Stachyris"
"274","Stachyris nigricollis",44,44,"F19","Sound recordings","Aural","irfan","irfan F19",NA,NA,1,"Stachyris"
"275","Stachyris nigricollis",36,36,"F22","Sound recordings","Aural","irfan","irfan F22",NA,NA,1,"Stachyris"
"276","Stachyris nigricollis",26,26,"F15","Sound recordings","Aural","irfan","irfan F15",NA,NA,1,"Stachyris"
"277","Stachyris nigricollis",30,30,"F04","Sound recordings","Aural","irfan","irfan F04",NA,NA,1,"Stachyris"
"278","Stachyris poliocephala",36,36,"F21","Sound recordings","Aural","irfan","irfan F21",NA,NA,1,"Stachyris"
"279","Trichastoma bicolor",15,15,"F17","Sound recordings","Aural","irfan","irfan F17",NA,NA,2,"Trichastoma"
"280","Trichastoma bicolor",28,28,"F28","Sound recordings","Aural","irfan","irfan F28",NA,NA,1,"Trichastoma"
"281","Trichastoma bicolor",22,22,"F11","Sound recordings","Aural","irfan","irfan F11",NA,NA,1,"Trichastoma"
"282","Trichastoma bicolor",28,28,"F12","Sound recordings","Aural","irfan","irfan F12",NA,NA,1,"Trichastoma"
"283","Trichastoma bicolor",28,28,"F03","Sound recordings","Aural","irfan","irfan F03",NA,NA,1,"Trichastoma"
"284","Trichastoma bicolor",5.9,6,"F04","Sound recordings","Aural","irfan","irfan F04",NA,NA,1,"Trichastoma"
"285","Trichastoma bicolor",30,30,"F26","Sound recordings","Aural","irfan","irfan F26",NA,NA,1,"Trichastoma"
"286","Trichastoma bicolor",24,24,"F10","Sound recordings","Aural","edho","edho F10",NA,NA,1,"Trichastoma"
"287","Trichastoma bicolor",18,18,"F13","Sound recordings","Aural","kevin","edho F13",NA,NA,1,"Trichastoma"
"288","Trichastoma bicolor",18,18,"F11","Sound recordings","Aural","edho","edho F11",NA,"left channel excluded, defective US mic",1,"Trichastoma"
"289","Trichastoma bicolor",22,22,"F04","Sound recordings","Aural","kevin","edho F04",NA,NA,1,"Trichastoma"
"290","Trichastoma malaccense",22,22,"F08","Sound recordings","Aural","irfan","irfan F08",NA,NA,1,"Trichastoma"
"291","Trichastoma malaccense",18,18,"F19","Sound recordings","Aural","irfan","irfan F19",NA,NA,1,"Trichastoma"
"292","Trichastoma malaccense",12,12,"F07","Sound recordings","Aural","irfan","irfan F07",NA,NA,1,"Trichastoma"
"293","Trichastoma malaccense",12,12,"F22","Sound recordings","Aural","irfan","irfan F22",NA,NA,1,"Trichastoma"
"294","Trichastoma malaccense",24,24,"F10","Sound recordings","Aural","irfan","irfan F10",NA,NA,1,"Trichastoma"
"295","Trichastoma malaccense",24,24,"F11","Sound recordings","Aural","irfan","irfan F11",NA,NA,1,"Trichastoma"
"296","Trichastoma malaccense",18,18,"F12","Sound recordings","Aural","irfan","irfan F12",NA,NA,1,"Trichastoma"
"297","Trichastoma malaccense",12,12,"F03","Sound recordings","Aural","irfan","irfan F03",NA,NA,1,"Trichastoma"
"298","Trichastoma malaccense",22,22,"F02","Sound recordings","Aural","irfan","irfan F02",NA,NA,1,"Trichastoma"
"299","Trichastoma malaccense",24,24,"F26","Sound recordings","Aural","irfan","irfan F26",NA,NA,1,"Trichastoma"
"300","Trichastoma malaccense",24,24,"F08","Sound recordings","Aural","edho","edho F08",NA,"left channel excluded, defective US mic",1,"Trichastoma"
"301","Trichastoma malaccense",20,20,"F08","Sound recordings","Aural","edho","edho F08",NA,"left channel excluded, defective US mic",1,"Trichastoma"
"302","Trichastoma malaccense",30,30,"F18","Sound recordings","Aural","edho","edho F18",NA,"left channel excluded, defective US mic",1,"Trichastoma"
"303","Trichastoma malaccense",25,25,"F06","Sound recordings","Aural","edho","edho F06",NA,"left channel excluded, defective US mic",1,"Trichastoma"
"304","Trichastoma malaccense",15,15,"F10","Sound recordings","Aural","edho","edho F10",NA,NA,1,"Trichastoma"
"305","Trichastoma malaccense",24,24,"F16","Sound recordings","Aural","edho","edho F16",NA,NA,1,"Trichastoma"
"306","Trichastoma malaccense",40,40,"F24","Sound recordings","Aural","edho","edho F24",NA,"left channel excluded, defective US mic",1,"Trichastoma"
"307","Trichastoma malaccense",40,40,"F20","Sound recordings","Aural","edho","edho F20",NA,"left channel excluded, defective US mic",1,"Trichastoma"
"308","Trichastoma malaccense",27,27,"F27","Sound recordings","Aural","edho","edho F27",NA,"left channel excluded, defective US mic",2,"Trichastoma"
"309","Trichastoma malaccense",18,18,"F04","Sound recordings","Aural","edho","edho F04",NA,NA,1,"Trichastoma"
"310","Trichixos pyrropygus",5.9,6,"F17","Sound recordings","Aural","irfan","irfan F17",NA,NA,1,"Trichixos"
"311","Trichixos pyrropygus",34,34,"F11","Sound recordings","Aural","irfan","irfan F11",NA,NA,1,"Trichixos"
"312","Trichixos pyrropygus",20,20,"F17","Sound recordings","Aural","edho","edho F17",NA,"left channel excluded, defective US mic",1,"Trichixos"
"313","Trichixos pyrropygus",30,30,"F17","Sound recordings","Aural","edho","edho F17",NA,"left channel excluded, defective US mic",1,"Trichixos"
"314","Chalcophaps indica",80,82.3,"F01","Point counts","Aural","edho","edho F01",NA,"paired recording missing",1,"Chalcophaps"
"315","Dicaeum trigonostigma",50,53.7,"F01","Point counts","Aural","edho","edho F01",NA,"paired recording missing",1,"Dicaeum"
"316","Geopelia striata",70,72.7,"F01","Point counts","Aural","edho","edho F01",NA,"paired recording missing",1,"Geopelia"
"317","Macronus ptilosus",70,70,"F01","Point counts","Aural","edho","edho F01",NA,"paired recording missing",1,"Macronus"
"318","Malacopteron magnirostre",25,25,"F01","Point counts","Aural","edho","edho F01",NA,"paired recording missing",1,"Malacopteron"
"319","Pycnonotus brunneus",21,28.7,"F01","Point counts","Visual/aural","edho","edho F01",NA,"paired recording missing",1,"Pycnonotus"
"320","Pycnonotus flaviventris",49,52.7,"F01","Point counts","Visual/aural","edho","edho F01",NA,"paired recording missing",1,"Pycnonotus"
"321","Trichixos pyrropygus",50,53.7,"F01","Point counts","Aural","edho","edho F01",NA,"paired recording missing",1,"Trichixos"
"322","Arborophila rubrirostris",27,27.5,"F01","Point counts","Aural","irfan","irfan F01",NA,"paired recording missing",1,"Arborophila"
"323","Euptilotus eutilotus",80,80.2,"F01","Point counts","Aural","irfan","irfan F01",NA,"paired recording missing",1,"Euptilotus"
"324","Geopelia striata",75,77.5,"F01","Point counts","Aural","irfan","irfan F01",NA,"paired recording missing",1,"Geopelia"
"325","Pycnonotus simplex",21,21.6,"F01","Point counts","Aural","irfan","irfan F01",NA,"paired recording missing",1,"Pycnonotus"
"326","Trichastoma malaccense",24,24,"F01","Point counts","Aural","irfan","irfan F01",NA,"paired recording missing",1,"Trichastoma"
"327","Trichixos pyrropygus",30,30.4,"F01","Point counts","Aural","irfan","irfan F01",NA,"paired recording missing",1,"Trichixos"
"328","Abroscopus superciliaris",41,41.3,"F02","Point counts","Aural","irfan","irfan F02","heard",NA,1,"Abroscopus"
"329","Anthreptes simplex",17,25.9,"F02","Point counts","Aural","irfan","irfan F02","faint",NA,1,"Anthreptes"
"330","Arachnothera hypogrammica",8,21.1,"F02","Point counts","Visual/aural","irfan","irfan F02",NA,NA,1,"Arachnothera"
"331","Arachnothera longirostra",14.9,14.9,"F02","Point counts","Aural","irfan","irfan F02","heard",NA,1,"Arachnothera"
"332","Cuculus micropterus",30.1,30.1,"F02","Point counts","Aural","irfan","irfan F02","heard",NA,1,"Cuculus"
"333","Dicaeum trigonostigma",7,20.7,"F02","Point counts","Aural","irfan","irfan F02","heard",NA,1,"Dicaeum"
"334","Dicrurus paradiseus",42,42.3,"F02","Point counts","Aural","irfan","irfan F02",NA,NA,1,"Dicrurus"
"335","Mixornis gularis",36,36,"F02","Point counts","Aural","irfan","irfan F02",NA,NA,1,"Mixornis"
"336","Pycnonotus simplex",45,49,"F02","Point counts","Aural","irfan","irfan F02","not heard",NA,1,"Pycnonotus"
"337","Trichastoma malaccense",38,38,"F02","Point counts","Aural","irfan","irfan F02","heard",NA,1,"Trichastoma"
"338","Aegithina viridissima",25,31.7,"F02","Point counts","Aural","edho","edho F02",NA,"paired recording only mono",1,"Aegithina"
"339","Arachnothera hypogrammica",20,27.9,"F02","Point counts","Aural","edho","edho F02",NA,"paired recording only mono",1,"Arachnothera"
"340","Dicaeum trigonostigma",70,72.7,"F02","Point counts","Aural","edho","edho F02",NA,"paired recording only mono",1,"Dicaeum"
"341","Dicaeum trigonostigma",80,82.3,"F02","Point counts","Aural","edho","edho F02",NA,"paired recording only mono",1,"Dicaeum"
"342","Geopelia striata",200,200.9,"F02","Point counts","Aural","edho","edho F02",NA,"paired recording only mono",2,"Geopelia"
"343","Mixornis gularis",200,200,"F02","Point counts","Aural","edho","edho F02",NA,"paired recording only mono",1,"Mixornis"
"344","Orthotomus atrogularis",70,70,"F02","Point counts","Aural","edho","edho F02",NA,"paired recording only mono",1,"Orthotomus"
"345","Orthotomus atrogularis",35,35,"F02","Point counts","Aural","edho","edho F02",NA,"paired recording only mono",1,"Orthotomus"
"346","Trichastoma bicolor",30,30,"F02","Point counts","Aural","edho","edho F02",NA,"paired recording only mono",1,"Trichastoma"
"347","Trichastoma malaccense",80,80,"F02","Point counts","Aural","edho","edho F02",NA,"paired recording only mono",1,"Trichastoma"
"348","Dicrurus paradiseus",31,36.6,"F03","Point counts","Aural","edho","edho F03",NA,"paired recording missing",1,"Dicrurus"
"349","Harpactes duvaucelii",27,33.3,"F03","Point counts","Aural","edho","edho F03",NA,"paired recording missing",2,"Harpactes"
"350","Malacopteron magnirostre",15,15,"F03","Point counts","Aural","edho","edho F03",NA,"paired recording missing",1,"Malacopteron"
"351","Malacopteron magnirostre",33,33.4,"F03","Point counts","Aural","edho","edho F03",NA,"paired recording missing",1,"Malacopteron"
"352","Malacopteron magnirostre",16,16.8,"F03","Point counts","Aural","edho","edho F03",NA,"paired recording missing",1,"Malacopteron"
"353","Psilopogon chrysopogon",40,40,"F03","Point counts","Aural","edho","edho F03",NA,"paired recording missing",1,"Psilopogon"
"354","Pycnonotus flaviventris",25,25.5,"F03","Point counts","Aural","edho","edho F03",NA,"paired recording missing",1,"Pycnonotus"
"355","Trichastoma bicolor",25,25,"F03","Point counts","Aural","edho","edho F03",NA,"paired recording missing",1,"Trichastoma"
"356","Dicaeum trigonostigma",8,21.1,"F03","Point counts","Aural","irfan","irfan F03","heard",NA,1,"Dicaeum"
"357","Macronus ptilosus",27,27.5,"F03","Point counts","Aural","irfan","irfan F03",NA,NA,1,"Macronus"
"358","Malacopteron magnirostre",43,43,"F03","Point counts","Aural","irfan","irfan F03","heard",NA,1,"Malacopteron"
"359","Mixornis gularis",NA,NA,"F03","Point counts","Aural","irfan","irfan F03",NA,NA,1,"Mixornis"
"360","Psilopogon haemacephalus",39,39.3,"F03","Point counts","Aural","irfan","irfan F03","heard",NA,1,"Psilopogon"
"361","Pycnonotus simplex",41,41.3,"F03","Point counts","Aural","irfan","irfan F03",NA,NA,1,"Pycnonotus"
"362","Trichastoma bicolor",14,14,"F03","Point counts","Aural","irfan","irfan F03",NA,NA,2,"Trichastoma"
"363","Trichastoma malaccense",38,38,"F03","Point counts","Aural","irfan","irfan F03","heard",NA,1,"Trichastoma"
"364","Trichixos pyrropygus",34,34.4,"F03","Point counts","Aural","irfan","irfan F03",NA,NA,1,"Trichixos"
"365","Arachnothera hypogrammica",9,10.3,"F04","Point counts","Visual/aural","edho","edho F04",NA,NA,1,"Arachnothera"
"366","Centropus bengalensis",50,50,"F04","Point counts","Aural","edho","edho F04",NA,NA,1,"Centropus"
"367","Dicrurus paradiseus",40,44.5,"F04","Point counts","Aural","edho","edho F04",NA,NA,1,"Dicrurus"
"368","Macronus ptilosus",100.1,102,"F04","Point counts","Aural","edho","edho F04",NA,NA,1,"Macronus"
"369","Macronus ptilosus",100.1,102,"F04","Point counts","Aural","edho","edho F04",NA,NA,1,"Macronus"
"370","Macronus ptilosus",60,63.1,"F04","Point counts","Aural","edho","edho F04",NA,NA,1,"Macronus"
"371","Malacopteron magnirostre",35,35,"F04","Point counts","Aural","edho","edho F04",NA,NA,1,"Malacopteron"
"372","Stachyris maculata",35,40.1,"F04","Point counts","Aural","edho","edho F04",NA,NA,1,"Stachyris"
"373","Trichastoma bicolor",35,35,"F04","Point counts","Aural","edho","edho F04",NA,NA,1,"Trichastoma"
"374","Trichastoma malaccense",55,55,"F04","Point counts","Aural","edho","edho F04",NA,NA,1,"Trichastoma"
"375","Centropus bengalensis",65,65.2,"F04","Point counts","Aural","irfan","irfan F04",NA,NA,1,"Centropus"
"376","Dicaeum trigonostigma",32,37.5,"F04","Point counts","Aural","irfan","irfan F04","heard",NA,1,"Dicaeum"
"377","Eurylaimus ochromalus",24,30.9,"F04","Point counts","Aural","irfan","irfan F04","heard",NA,1,"Eurylaimus"
"378","Harpactes diardii",46,46.3,"F04","Point counts","Aural","irfan","irfan F04","heard",NA,1,"Harpactes"
"379","Macronus ptilosus",40,40,"F04","Point counts","Aural","irfan","irfan F04","heard",NA,2,"Macronus"
"380","Malacopteron magnirostre",41,41,"F04","Point counts","Aural","irfan","irfan F04","not heard",NA,1,"Malacopteron"
"381","Picoides moluccensis",36,36.3,"F04","Point counts","Aural","irfan","irfan F04","heard",NA,1,"Picoides"
"382","Pycnonotus erythropthalmos",20,27.9,"F04","Point counts","Aural","irfan","irfan F04","heard",NA,2,"Pycnonotus"
"383","Pycnonotus erythropthalmos",21,21.6,"F04","Point counts","Aural","irfan","irfan F04",NA,NA,2,"Pycnonotus"
"384","Pycnonotus simplex",52,55.5,"F04","Point counts","Aural","irfan","irfan F04",NA,NA,1,"Pycnonotus"
"385","Rhinortha chlorophaea",19,19.6,"F04","Point counts","Aural","irfan","irfan F04",NA,NA,1,"Rhinortha"
"386","Stachyris nigricollis",38,38.3,"F04","Point counts","Aural","irfan","irfan F04","heard",NA,1,"Stachyris"
"387","Alophoixus tephrogenys",NA,NA,"F05","Point counts","Aural","irfan","irfan F05",NA,"paired recording missing",1,"Alophoixus"
"388","Arachnothera hypogrammica",22,22.6,"F05","Point counts","Aural","irfan","irfan F05",NA,"paired recording missing",1,"Arachnothera"
"389","Geopelia striata",54,54.2,"F05","Point counts","Aural","irfan","irfan F05",NA,"paired recording missing",1,"Geopelia"
"390","Mixornis gularis",38,38,"F05","Point counts","Aural","irfan","irfan F05",NA,"paired recording missing",1,"Mixornis"
"391","Pomatorhinus montanus",NA,NA,"F05","Point counts","Aural","irfan","irfan F05",NA,"paired recording missing",1,"Pomatorhinus"
"392","Pycnonotus plumosus",21,21.6,"F05","Point counts","Visual/aural","irfan","irfan F05",NA,"paired recording missing",1,"Pycnonotus"
"393","Dicaeum minullum",1,5.1,"F05","Point counts","Visual","edho","edho F05",NA,"paired recording only mono",1,"Dicaeum"
"394","Geopelia striata",120,121.6,"F05","Point counts","Aural","edho","edho F05",NA,"paired recording only mono",1,"Geopelia"
"395","Leptocoma sperata",25,31.7,"F05","Point counts","Visual/aural","edho","edho F05",NA,"paired recording only mono",1,"Leptocoma"
"396","Pycnonotus aurigaster",110,111.7,"F05","Point counts","Visual/aural","edho","edho F05",NA,"paired recording only mono",1,"Pycnonotus"
"397","Pycnonotus flaviventris",60,63.1,"F05","Point counts","Aural","edho","edho F05",NA,"paired recording only mono",1,"Pycnonotus"
"398","Berenicornis comatus",214,214.9,"F06","Point counts","Aural","irfan","irfan F06",NA,NA,1,"Berenicornis"
"399","Dicaeum trigonostigma",24,24.5,"F06","Point counts","Aural","irfan","irfan F06","faint",NA,1,"Dicaeum"
"400","Dicrurus aeneus",12,13,"F06","Point counts","Visual","irfan","irfan F06",NA,NA,1,"Dicrurus"
"401","Dicrurus paradiseus",13,13.9,"F06","Point counts","Aural","irfan","irfan F06","heard",NA,1,"Dicrurus"
"402","Pycnonotus brunneus",12,13,"F06","Point counts","Visual","irfan","irfan F06",NA,NA,1,"Pycnonotus"
"403","Pycnonotus simplex",16,16.8,"F06","Point counts","Aural","irfan","irfan F06","heard",NA,1,"Pycnonotus"
"404","Stachyris maculata",41,41,"F06","Point counts","Aural","irfan","irfan F06",NA,NA,1,"Stachyris"
"405","Trichastoma bicolor",42,42,"F06","Point counts","Aural","irfan","irfan F06","heard",NA,1,"Trichastoma"
"406","Trichastoma malaccense",31,31,"F06","Point counts","Aural","irfan","irfan F06","heard",NA,1,"Trichastoma"
"407","Arachnothera hypogrammica",30,35.8,"F06","Point counts","Aural","edho","edho F06",NA,"paired recording only mono",1,"Arachnothera"
"408","Chalcophaps indica",80,82.3,"F06","Point counts","Aural","edho","edho F06",NA,"paired recording only mono",1,"Chalcophaps"
"409","Eurylaimus ochromalus",50,53.7,"F06","Point counts","Aural","edho","edho F06",NA,"paired recording only mono",1,"Eurylaimus"
"410","Macronus ptilosus",60,60,"F06","Point counts","Aural","edho","edho F06",NA,"paired recording only mono",1,"Macronus"
"411","Mixornis gularis",150,150,"F06","Point counts","Aural","edho","edho F06",NA,"paired recording only mono",1,"Mixornis"
"412","Picus puniceus",40,40.3,"F06","Point counts","Aural","edho","edho F06",NA,"paired recording only mono",1,"Picus"
"413","Picus puniceus",40,40.3,"F06","Point counts","Aural","edho","edho F06",NA,"paired recording only mono",1,"Picus"
"414","Pycnonotus aurigaster",70,72.7,"F06","Point counts","Aural","edho","edho F06",NA,"paired recording only mono",1,"Pycnonotus"
"415","Pycnonotus flaviventris",55,58.4,"F06","Point counts","Aural","edho","edho F06",NA,"paired recording only mono",1,"Pycnonotus"
"416","Pycnonotus simplex",60,63.1,"F06","Point counts","Aural","edho","edho F06",NA,"paired recording only mono",1,"Pycnonotus"
"417","Trichastoma bicolor",50,50,"F06","Point counts","Aural","edho","edho F06",NA,"paired recording only mono",1,"Trichastoma"
"418","Trichastoma malaccense",60,60,"F06","Point counts","Aural","edho","edho F06",NA,"paired recording only mono",1,"Trichastoma"
"419","Corvus enca",20,27.9,"F07","Point counts","Visual/aural","edho","edho F07",NA,NA,1,"Corvus"
"420","Dicaeum trigonostigma",33,38.3,"F07","Point counts","Visual","edho","edho F07",NA,NA,1,"Dicaeum"
"421","Aegithina viridissima",28,28.4,"F07","Point counts","Aural","irfan","irfan F07","heard",NA,1,"Aegithina"
"422","Dicaeum trigonostigma",39,43.6,"F07","Point counts","Aural","irfan","irfan F07","not heard",NA,1,"Dicaeum"
"423","Malacopteron magnirostre",48,48.3,"F07","Point counts","Aural","irfan","irfan F07","heard",NA,1,"Malacopteron"
"424","Pycnonotus flaviventris",13,13.9,"F07","Point counts","Visual","irfan","irfan F07",NA,NA,2,"Pycnonotus"
"425","Arachnothera hypogrammica",13,23.4,"F08","Point counts","Visual/aural","irfan","irfan F08",NA,NA,2,"Arachnothera"
"426","Chalcophaps indica",30,30,"F08","Point counts","Aural","irfan","irfan F08",NA,NA,1,"Chalcophaps"
"427","Dicaeum trigonostigma",27,33.3,"F08","Point counts","Aural","irfan","irfan F08",NA,NA,1,"Dicaeum"
"428","Terpsiphone paradisi",60,60.2,"F08","Point counts","Aural","irfan","irfan F08","faint",NA,1,"Terpsiphone"
"429","Trichastoma malaccense",48,48,"F08","Point counts","Aural","irfan","irfan F08","heard",NA,1,"Trichastoma"
"430","Dicaeum trigonostigma",60,63.1,"F08","Point counts","Aural","edho","edho F08",NA,"paired recording only mono",1,"Dicaeum"
"431","Dicaeum trigonostigma",70,72.7,"F08","Point counts","Aural","edho","edho F08",NA,"paired recording only mono",1,"Dicaeum"
"432","Dicaeum trigonostigma",50,53.7,"F08","Point counts","Aural","edho","edho F08",NA,"paired recording only mono",1,"Dicaeum"
"433","Macronus ptilosus",100,100,"F08","Point counts","Aural","edho","edho F08",NA,"paired recording only mono",1,"Macronus"
"434","Macronus ptilosus",120,120,"F08","Point counts","Aural","edho","edho F08",NA,"paired recording only mono",1,"Macronus"
"435","Orthotomus atrogularis",90,90,"F08","Point counts","Aural","edho","edho F08",NA,"paired recording only mono",2,"Orthotomus"
"436","Orthotomus atrogularis",50,50,"F08","Point counts","Aural","edho","edho F08",NA,"paired recording only mono",1,"Orthotomus"
"437","Trichastoma malaccense",25,25,"F08","Point counts","Aural","edho","edho F08",NA,"paired recording only mono",1,"Trichastoma"
"438","Trichastoma malaccense",70,70,"F08","Point counts","Aural","edho","edho F08",NA,"paired recording only mono",1,"Trichastoma"
"439","Trichastoma malaccense",120,120,"F08","Point counts","Aural","edho","edho F08",NA,"paired recording only mono",1,"Trichastoma"
"440","Arachnothera longirostra",21,21.6,"F09","Point counts","Aural","irfan","irfan F09","not heard",NA,1,"Arachnothera"
"441","Dicaeum trigonostigma",21,28.7,"F09","Point counts","Aural","irfan","irfan F09",NA,NA,1,"Dicaeum"
"442","Geopelia striata",117,117,"F09","Point counts","Aural","irfan","irfan F09",NA,NA,1,"Geopelia"
"443","Irena puella",15,24.6,"F09","Point counts","Aural","irfan","irfan F09","not heard",NA,1,"Irena"
"444","Malacopteron magnirostre",16,16,"F09","Point counts","Aural","irfan","irfan F09","heard",NA,1,"Malacopteron"
"445","Psilopogon duvaucelii",30.1,30.1,"F09","Point counts","Aural","irfan","irfan F09",NA,NA,1,"Psilopogon"
"446","Pycnonotus simplex",13,13.9,"F09","Point counts","Aural","irfan","irfan F09",NA,NA,1,"Pycnonotus"
"447","Trichixos pyrropygus",40.1,40.1,"F09","Point counts","Aural","irfan","irfan F09",NA,NA,1,"Trichixos"
"448","Dicaeum trigonostigma",70,72.7,"F09","Point counts","Aural","edho","edho F09",NA,NA,1,"Dicaeum"
"449","Geopelia striata",60,63.1,"F09","Point counts","Aural","edho","edho F09",NA,NA,2,"Geopelia"
"450","Geopelia striata",60,63.1,"F09","Point counts","Aural","edho","edho F09",NA,NA,1,"Geopelia"
"451","Pycnonotus goiavier",70,72.7,"F09","Point counts","Aural","edho","edho F09",NA,NA,1,"Pycnonotus"
"452","Arachnothera flavigaster",17,17.7,"F10","Point counts","Visual","edho","edho F10",NA,NA,1,"Arachnothera"
"453","Arachnothera hypogrammica",20,20,"F10","Point counts","Aural","edho","edho F10",NA,NA,1,"Arachnothera"
"454","Dicaeum trigonostigma",27,27.5,"F10","Point counts","Aural","edho","edho F10",NA,NA,1,"Dicaeum"
"455","Dicaeum trigonostigma",35,40.1,"F10","Point counts","Aural","edho","edho F10",NA,NA,1,"Dicaeum"
"456","Dinopium javanense",16,16.8,"F10","Point counts","Aural","edho","edho F10",NA,NA,1,"Dinopium"
"457","Euptilotus eutilotus",5,20.1,"F10","Point counts","Visual","edho","edho F10",NA,NA,1,"Euptilotus"
"458","Macronus ptilosus",40,44.5,"F10","Point counts","Aural","edho","edho F10",NA,NA,1,"Macronus"
"459","Macronus ptilosus",35,40.1,"F10","Point counts","Aural","edho","edho F10",NA,NA,1,"Macronus"
"460","Orthotomus atrogularis",25,25,"F10","Point counts","Aural","edho","edho F10",NA,NA,1,"Orthotomus"
"461","Orthotomus ruficeps",30,30,"F10","Point counts","Aural","edho","edho F10",NA,NA,1,"Orthotomus"
"462","Pycnonotus flaviventris",27,27.5,"F10","Point counts","Aural","edho","edho F10",NA,NA,1,"Pycnonotus"
"463","Arachnothera hypogrammica",21,28.7,"F10","Point counts","Aural","irfan","irfan F10","not heard",NA,1,"Arachnothera"
"464","Arachnothera longirostra",31,31.4,"F10","Point counts","Visual/aural","irfan","irfan F10",NA,NA,1,"Arachnothera"
"465","Arachnothera longirostra",33,38.3,"F10","Point counts","Aural","irfan","irfan F10",NA,NA,1,"Arachnothera"
"466","Brachypodius atriceps",29.9,29.9,"F10","Point counts","Aural","irfan","irfan F10",NA,NA,1,"Brachypodius"
"467","Centropus bengalensis",62,62,"F10","Point counts","Aural","irfan","irfan F10",NA,NA,1,"Centropus"
"468","Corvus enca",35,40.1,"F10","Point counts","Visual/aural","irfan","irfan F10",NA,NA,7,"Corvus"
"469","Dicaeum trigonostigma",36,40.9,"F10","Point counts","Aural","irfan","irfan F10",NA,NA,1,"Dicaeum"
"470","Leptocoma sperata",NA,NA,"F10","Point counts","Aural","irfan","irfan F10",NA,NA,1,"Leptocoma"
"471","Macronus ptilosus",44,44,"F10","Point counts","Aural","irfan","irfan F10","not heard",NA,1,"Macronus"
"472","Pycnonotus plumosus",8,21.1,"F10","Point counts","Visual","irfan","irfan F10",NA,NA,2,"Pycnonotus"
"473","Pycnonotus simplex",26,32.5,"F10","Point counts","Aural","irfan","irfan F10",NA,NA,1,"Pycnonotus"
"474","Arachnothera hypogrammica",12,22.9,"F11","Point counts","Aural","irfan","irfan F11","heard",NA,1,"Arachnothera"
"475","Geopelia striata",81,81.2,"F11","Point counts","Aural","irfan","irfan F11",NA,NA,1,"Geopelia"
"476","Macronus ptilosus",42,42,"F11","Point counts","Aural","irfan","irfan F11",NA,NA,1,"Macronus"
"477","Malacopteron magnirostre",35,35,"F11","Point counts","Aural","irfan","irfan F11","heard",NA,1,"Malacopteron"
"478","Orthotomus atrogularis",38,38.3,"F11","Point counts","Aural","irfan","irfan F11",NA,NA,1,"Orthotomus"
"479","Pycnonotus simplex",36,36.3,"F11","Point counts","Aural","irfan","irfan F11","not heard",NA,1,"Pycnonotus"
"480","Trichastoma bicolor",28,28,"F11","Point counts","Aural","irfan","irfan F11","heard",NA,2,"Trichastoma"
"481","Cacomantis merulinus",90,92.1,"F11","Point counts","Aural","edho","edho F11",NA,"paired recording only mono",1,"Cacomantis"
"482","Geopelia striata",200,200.9,"F11","Point counts","Aural","edho","edho F11",NA,"paired recording only mono",1,"Geopelia"
"483","Harpactes duvaucelii",120,121.6,"F11","Point counts","Aural","edho","edho F11",NA,"paired recording only mono",1,"Harpactes"
"484","Macronus ptilosus",100,100,"F11","Point counts","Aural","edho","edho F11",NA,"paired recording only mono",1,"Macronus"
"485","Mixornis gularis",200,200,"F11","Point counts","Aural","edho","edho F11",NA,"paired recording only mono",1,"Mixornis"
"486","Orthotomus atrogularis",200,200,"F11","Point counts","Aural","edho","edho F11",NA,"paired recording only mono",1,"Orthotomus"
"487","Stachyris maculata",90,92.1,"F11","Point counts","Aural","edho","edho F11",NA,"paired recording only mono",1,"Stachyris"
"488","Arachnothera hypogrammica",23,23.5,"F12","Point counts","Aural","irfan","irfan F12","heard",NA,1,"Arachnothera"
"489","Arachnothera longirostra",58,58,"F12","Point counts","Aural","irfan","irfan F12","not heard",NA,1,"Arachnothera"
"490","Brachypodius atriceps",37,37.3,"F12","Point counts","Aural","irfan","irfan F12","heard",NA,2,"Brachypodius"
"491","Cacomantis sonneratii",41,45.4,"F12","Point counts","Aural","irfan","irfan F12","heard",NA,1,"Cacomantis"
"492","Chalcophaps indica",21,28.7,"F12","Point counts","Aural","irfan","irfan F12","heard",NA,1,"Chalcophaps"
"493","Dicaeum trigonostigma",36,36.3,"F12","Point counts","Aural","irfan","irfan F12","heard",NA,1,"Dicaeum"
"494","Erythropitta granatina",62,62,"F12","Point counts","Aural","irfan","irfan F12",NA,NA,1,"Erythropitta"
"495","Euptilotus eutilotus",24,24.5,"F12","Point counts","Aural","irfan","irfan F12","heard",NA,1,"Euptilotus"
"496","Malacopteron magnirostre",48,48,"F12","Point counts","Aural","irfan","irfan F12","heard",NA,2,"Malacopteron"
"497","Pelargopsis capensis",32,37.5,"F12","Point counts","Aural","irfan","irfan F12","not heard",NA,1,"Pelargopsis"
"498","Prionochilus percussus",35,40.1,"F12","Point counts","Aural","irfan","irfan F12","heard",NA,1,"Prionochilus"
"499","Pycnonotus erythropthalmos",19,19.6,"F12","Point counts","Aural","irfan","irfan F12","heard",NA,1,"Pycnonotus"
"500","Pycnonotus goiavier",49,49.3,"F12","Point counts","Aural","irfan","irfan F12","heard",NA,1,"Pycnonotus"
"501","Pycnonotus plumosus",28,28.4,"F12","Point counts","Aural","irfan","irfan F12","heard",NA,1,"Pycnonotus"
"502","Aegithina viridissima",60,63.1,"F12","Point counts","Aural","edho","edho F12",NA,"paired recording only mono",1,"Aegithina"
"503","Cacomantis sonneratii",30,35.8,"F12","Point counts","Aural","edho","edho F12",NA,"paired recording only mono",1,"Cacomantis"
"504","Orthotomus atrogularis",20,20,"F12","Point counts","Aural","edho","edho F12",NA,"paired recording only mono",2,"Orthotomus"
"505","Pycnonotus aurigaster",70,72.7,"F12","Point counts","Aural","edho","edho F12",NA,"paired recording only mono",2,"Pycnonotus"
"506","Aegithina viridissima",40,44.5,"F13","Point counts","Aural","edho","edho F13",NA,NA,1,"Aegithina"
"507","Chalcophaps indica",80,82.3,"F13","Point counts","Aural","edho","edho F13",NA,NA,1,"Chalcophaps"
"508","Chalcophaps indica",30,35.8,"F13","Point counts","Aural","edho","edho F13",NA,NA,1,"Chalcophaps"
"509","Dicaeum minullum",21,28.7,"F13","Point counts","Visual/aural","edho","edho F13",NA,NA,1,"Dicaeum"
"510","Dicaeum trigonostigma",35,40.1,"F13","Point counts","Aural","edho","edho F13",NA,NA,1,"Dicaeum"
"511","Eurylaimus ochromalus",35,35.4,"F13","Point counts","Visual/aural","edho","edho F13",NA,NA,1,"Eurylaimus"
"512","Macronus ptilosus",80,80,"F13","Point counts","Aural","edho","edho F13",NA,NA,1,"Macronus"
"513","Macronus ptilosus",50,50,"F13","Point counts","Aural","edho","edho F13",NA,NA,1,"Macronus"
"514","Orthotomus atrogularis",60,60,"F13","Point counts","Aural","edho","edho F13",NA,NA,2,"Orthotomus"
"515","Orthotomus sericeus",70,72.7,"F13","Point counts","Aural","edho","edho F13",NA,NA,1,"Orthotomus"
"516","Prinia flaviventris",50,50,"F13","Point counts","Aural","edho","edho F13",NA,NA,1,"Prinia"
"517","Aegithina viridissima",34,39.2,"F13","Point counts","Aural","irfan","irfan F13","heard",NA,2,"Aegithina"
"518","Cacomantis sonneratii",64,66.9,"F13","Point counts","Aural","irfan","irfan F13",NA,NA,1,"Cacomantis"
"519","Centropus bengalensis",95,95.1,"F13","Point counts","Aural","irfan","irfan F13",NA,NA,1,"Centropus"
"520","Dicaeum trigonostigma",48,48.3,"F13","Point counts","Aural","irfan","irfan F13",NA,NA,1,"Dicaeum"
"521","Dicaeum trigonostigma",32,37.5,"F13","Point counts","Aural","irfan","irfan F13","heard",NA,1,"Dicaeum"
"522","Euptilotus eutilotus",29.9,29.9,"F13","Point counts","Aural","irfan","irfan F13","heard",NA,1,"Euptilotus"
"523","Hemipus hirundinaceus",31,31.4,"F13","Point counts","Aural","irfan","irfan F13",NA,NA,1,"Hemipus"
"524","Macronus ptilosus",65,65,"F13","Point counts","Aural","irfan","irfan F13",NA,NA,1,"Macronus"
"525","Micropternus brachyurus",9,10.3,"F13","Point counts","Visual","irfan","irfan F13",NA,NA,1,"Micropternus"
"526","Mixornis gularis",58,58,"F13","Point counts","Aural","irfan","irfan F13","not heard",NA,1,"Mixornis"
"527","Orthotomus ruficeps",46,46,"F13","Point counts","Aural","irfan","irfan F13",NA,NA,2,"Orthotomus"
"528","Orthotomus sericeus",42,42,"F13","Point counts","Aural","irfan","irfan F13",NA,NA,1,"Orthotomus"
"529","Platysmurus leucopterus",64,66.9,"F13","Point counts","Aural","irfan","irfan F13",NA,NA,1,"Platysmurus"
"530","Prinia flaviventris",54,54,"F13","Point counts","Aural","irfan","irfan F13",NA,NA,2,"Prinia"
"531","Pycnonotus plumosus",41,45.4,"F13","Point counts","Aural","irfan","irfan F13",NA,NA,1,"Pycnonotus"
"532","Actenoides concretus",18,18.7,"F14","Point counts","Visual","irfan","irfan F14",NA,NA,1,"Actenoides"
"533","Aegithina viridissima",36,36.3,"F14","Point counts","Aural","irfan","irfan F14","faint",NA,1,"Aegithina"
"534","Arachnothera longirostra",28,28.4,"F14","Point counts","Aural","irfan","irfan F14","heard",NA,1,"Arachnothera"
"535","Brachypodius atriceps",31,36.6,"F14","Point counts","Aural","irfan","irfan F14",NA,NA,1,"Brachypodius"
"536","Calyptomena viridis",52,52.2,"F14","Point counts","Aural","irfan","irfan F14","heard",NA,1,"Calyptomena"
"537","Dicaeum trigonostigma",38,42.7,"F14","Point counts","Aural","irfan","irfan F14",NA,NA,1,"Dicaeum"
"538","Macronus ptilosus",27,27,"F14","Point counts","Aural","irfan","irfan F14","not heard",NA,1,"Macronus"
"539","Orthotomus atrogularis",25,25.5,"F14","Point counts","Aural","irfan","irfan F14",NA,NA,1,"Orthotomus"
"540","Stachyris maculata",37,37.3,"F14","Point counts","Aural","irfan","irfan F14","heard",NA,2,"Stachyris"
"541","Terpsiphone paradisi",17,17.7,"F14","Point counts","Aural","irfan","irfan F14","heard",NA,1,"Terpsiphone"
"542","Trichastoma malaccense",28,28,"F14","Point counts","Aural","irfan","irfan F14",NA,NA,1,"Trichastoma"
"543","Dicaeum trigonostigma",50,53.7,"F14","Point counts","Aural","edho","edho F14",NA,"paired recording only mono",1,"Dicaeum"
"544","Eurylaimus ochromalus",90,92.1,"F14","Point counts","Aural","edho","edho F14",NA,"paired recording only mono",1,"Eurylaimus"
"545","Gracula religiosa",80,82.3,"F14","Point counts","Aural","edho","edho F14",NA,"paired recording only mono",1,"Gracula"
"546","Harpactes duvaucelii",80,82.3,"F14","Point counts","Aural","edho","edho F14",NA,"paired recording only mono",1,"Harpactes"
"547","Macronus ptilosus",150,150,"F14","Point counts","Aural","edho","edho F14",NA,"paired recording only mono",1,"Macronus"
"548","Centropus bengalensis",135,135,"F15","Point counts","Aural","irfan","irfan F15",NA,NA,1,"Centropus"
"549","Corvus enca",NA,NA,"F15","Point counts","Aural","irfan","irfan F15",NA,NA,3,"Corvus"
"550","Cyanoderma erythropterum",70.1,70.1,"F15","Point counts","Aural","irfan","irfan F15",NA,NA,1,"Cyanoderma"
"551","Mixornis gularis",75,75,"F15","Point counts","Aural","irfan","irfan F15",NA,NA,1,"Mixornis"
"552","Pycnonotus erythropthalmos",38,38.3,"F15","Point counts","Aural","irfan","irfan F15",NA,NA,1,"Pycnonotus"
"553","Pycnonotus simplex",29,29.4,"F15","Point counts","Aural","irfan","irfan F15",NA,NA,1,"Pycnonotus"
"554","Arachnothera hypogrammica",40,40.3,"F15","Point counts","Aural","edho","edho F15",NA,"paired recording only mono",1,"Arachnothera"
"555","Chalcophaps indica",150,151.3,"F15","Point counts","Aural","edho","edho F15",NA,"paired recording only mono",1,"Chalcophaps"
"556","Dicrurus paradiseus",120,121.6,"F15","Point counts","Aural","edho","edho F15",NA,"paired recording only mono",1,"Dicrurus"
"557","Macronus ptilosus",80,80,"F15","Point counts","Aural","edho","edho F15",NA,"paired recording only mono",1,"Macronus"
"558","Macronus ptilosus",200,200,"F15","Point counts","Aural","edho","edho F15",NA,"paired recording only mono",1,"Macronus"
"559","Spilopelia chinensis",150,151.3,"F15","Point counts","Aural","edho","edho F15",NA,"paired recording only mono",1,"Spilopelia"
"560","Actenoides concretus",15,15,"F16","Point counts","Visual","edho","edho F16",NA,NA,1,"Actenoides"
"561","Aegithina viridissima",10,11.2,"F16","Point counts","Visual/aural","edho","edho F16",NA,NA,2,"Aegithina"
"562","Aegithina viridissima",30,30,"F16","Point counts","Aural","edho","edho F16",NA,NA,1,"Aegithina"
"563","Arachnothera hypogrammica",30,30,"F16","Point counts","Aural","edho","edho F16",NA,NA,1,"Arachnothera"
"564","Corvus enca",40,44.5,"F16","Point counts","Visual/aural","edho","edho F16",NA,NA,3,"Corvus"
"565","Dicaeum trigonostigma",70,72.7,"F16","Point counts","Aural","edho","edho F16",NA,NA,1,"Dicaeum"
"566","Dicaeum trigonostigma",20,27.9,"F16","Point counts","Aural","edho","edho F16",NA,NA,1,"Dicaeum"
"567","Dicrurus paradiseus",70,70,"F16","Point counts","Aural","edho","edho F16",NA,NA,1,"Dicrurus"
"568","Dicrurus paradiseus",150,151.3,"F16","Point counts","Aural","edho","edho F16",NA,NA,1,"Dicrurus"
"569","Macronus ptilosus",80,82.3,"F16","Point counts","Aural","edho","edho F16",NA,NA,1,"Macronus"
"570","Orthotomus atrogularis",15,15,"F16","Point counts","Aural","edho","edho F16",NA,NA,1,"Orthotomus"
"571","Aegithina viridissima",34,34.4,"F16","Point counts","Aural","irfan","irfan F16","heard",NA,2,"Aegithina"
"572","Arachnothera longirostra",37,37.3,"F16","Point counts","Aural","irfan","irfan F16",NA,NA,1,"Arachnothera"
"573","Cacomantis sonneratii",NA,NA,"F16","Point counts","Aural","irfan","irfan F16",NA,NA,1,"Cacomantis"
"574","Centropus bengalensis",82,82.2,"F16","Point counts","Aural","irfan","irfan F16",NA,NA,1,"Centropus"
"575","Dicaeum trigonostigma",52,55.5,"F16","Point counts","Aural","irfan","irfan F16",NA,NA,1,"Dicaeum"
"576","Macronus ptilosus",53,53.2,"F16","Point counts","Aural","irfan","irfan F16",NA,NA,1,"Macronus"
"577","Pitta sordida",38,42.7,"F16","Point counts","Aural","irfan","irfan F16","faint",NA,1,"Pitta"
"578","Pitta sordida",43,43,"F16","Point counts","Aural","irfan","irfan F16","heard",NA,1,"Pitta"
"579","Platysmurus leucopterus",54,57.4,"F16","Point counts","Aural","irfan","irfan F16","not heard",NA,1,"Platysmurus"
"580","Spilopelia chinensis",94,94,"F16","Point counts","Aural","irfan","irfan F16",NA,NA,1,"Spilopelia"
"581","Trichastoma bicolor",43,43,"F16","Point counts","Aural","irfan","irfan F16",NA,NA,1,"Trichastoma"
"582","Centropus bengalensis",125,125,"F17","Point counts","Aural","irfan","irfan F17",NA,NA,1,"Centropus"
"583","Corvus enca",65,67.9,"F17","Point counts","Aural","irfan","irfan F17",NA,NA,3,"Corvus"
"584","Cyanoderma erythropterum",49.9,49.9,"F17","Point counts","Aural","irfan","irfan F17","not heard",NA,1,"Cyanoderma"
"585","Cyornis umbratilis",11,12.1,"F17","Point counts","Visual/aural","irfan","irfan F17",NA,NA,2,"Cyornis"
"586","Dicaeum trigonostigma",17,25.9,"F17","Point counts","Aural","irfan","irfan F17","heard",NA,1,"Dicaeum"
"587","Dicrurus paradiseus",33,33.4,"F17","Point counts","Aural","irfan","irfan F17",NA,NA,1,"Dicrurus"
"588","Macheiramphus alcinus",9,21.5,"F17","Point counts","Visual/aural","irfan","irfan F17",NA,NA,1,"Macheiramphus"
"589","Mixornis gularis",38,38,"F17","Point counts","Aural","irfan","irfan F17","not heard",NA,1,"Mixornis"
"590","Pitta sordida",23,23,"F17","Point counts","Aural","irfan","irfan F17",NA,NA,1,"Pitta"
"591","Psilopogon duvaucelii",54,57.4,"F17","Point counts","Aural","irfan","irfan F17",NA,NA,1,"Psilopogon"
"592","Spilopelia chinensis",118,118,"F17","Point counts","Aural","irfan","irfan F17",NA,NA,1,"Spilopelia"
"593","Stachyris maculata",36,36.3,"F17","Point counts","Aural","irfan","irfan F17","not heard",NA,1,"Stachyris"
"594","Trichastoma bicolor",22,22,"F17","Point counts","Visual/aural","irfan","irfan F17",NA,NA,2,"Trichastoma"
"595","Trichastoma malaccense",26,26,"F17","Point counts","Aural","irfan","irfan F17","heard",NA,1,"Trichastoma"
"596","Trichixos pyrropygus",28,28.4,"F17","Point counts","Visual/aural","irfan","irfan F17",NA,NA,1,"Trichixos"
"597","Chalcophaps indica",70,72.7,"F17","Point counts","Aural","edho","edho F17",NA,"paired recording only mono",1,"Chalcophaps"
"598","Harpactes duvaucelii",70,72.7,"F17","Point counts","Aural","edho","edho F17",NA,"paired recording only mono",1,"Harpactes"
"599","Macheiramphus alcinus",10,21.9,"F17","Point counts","Visual/aural","edho","edho F17",NA,"paired recording only mono",2,"Macheiramphus"
"600","Malacopteron cinereum",12,12,"F17","Point counts","Visual/aural","edho","edho F17",NA,"paired recording only mono",1,"Malacopteron"
"601","Orthotomus atrogularis",25,25,"F17","Point counts","Aural","edho","edho F17",NA,"paired recording only mono",1,"Orthotomus"
"602","Rhinortha chlorophaea",50,53.7,"F17","Point counts","Visual/aural","edho","edho F17",NA,"paired recording only mono",1,"Rhinortha"
"603","Stachyris maculata",10,10,"F17","Point counts","Visual/aural","edho","edho F17",NA,"paired recording only mono",1,"Stachyris"
"604","Trichastoma malaccense",60,60,"F17","Point counts","Aural","edho","edho F17",NA,"paired recording only mono",1,"Trichastoma"
"605","Trichixos pyrropygus",20,27.9,"F17","Point counts","Aural","edho","edho F17",NA,"paired recording only mono",1,"Trichixos"
"606","Centropus bengalensis",170,170,"F18","Point counts","Aural","edho","edho F18",NA,"paired recording only mono",1,"Centropus"
"607","Chalcoparia singalensis",38,42.7,"F18","Point counts","Aural","edho","edho F18",NA,"paired recording only mono",2,"Chalcoparia"
"608","Chalcoparia singalensis",17,17,"F18","Point counts","Visual/aural","edho","edho F18",NA,"paired recording only mono",2,"Chalcoparia"
"609","Chalcophaps indica",100.1,102,"F18","Point counts","Aural","edho","edho F18",NA,"paired recording only mono",1,"Chalcophaps"
"610","Corvus enca",90,92.1,"F18","Point counts","Aural","edho","edho F18",NA,"paired recording only mono",1,"Corvus"
"611","Gracula religiosa",79,79,"F18","Point counts","Aural","edho","edho F18",NA,"paired recording only mono",1,"Gracula"
"612","Macronus ptilosus",80,82.3,"F18","Point counts","Aural","edho","edho F18",NA,"paired recording only mono",1,"Macronus"
"613","Pericrocotus igneus",23,30.2,"F18","Point counts","Visual","edho","edho F18",NA,"paired recording only mono",3,"Pericrocotus"
"614","Centropus bengalensis",78,78.2,"F18","Point counts","Aural","irfan","irfan F18",NA,NA,1,"Centropus"
"615","Dicaeum trigonostigma",32,37.5,"F18","Point counts","Aural","irfan","irfan F18","heard",NA,2,"Dicaeum"
"616","Macronus ptilosus",57,57,"F18","Point counts","Aural","irfan","irfan F18","not heard",NA,1,"Macronus"
"617","Psittacula longicauda",NA,NA,"F18","Point counts","Visual","irfan","irfan F18",NA,NA,2,"Psittacula"
"618","Pycnonotus aurigaster",33,38.3,"F18","Point counts","Aural","irfan","irfan F18","heard",NA,2,"Pycnonotus"
"619","Trichastoma malaccense",39.9,39.9,"F18","Point counts","Aural","irfan","irfan F18","not heard",NA,1,"Trichastoma"
"620","Arachnothera hypogrammica",44,44.3,"F19","Point counts","Aural","edho","edho F19",NA,NA,1,"Arachnothera"
"621","Cacomantis sonneratii",30,30,"F19","Point counts","Aural","edho","edho F19",NA,NA,1,"Cacomantis"
"622","Chloropsis moluccensis",32,32.4,"F19","Point counts","Aural","edho","edho F19",NA,NA,1,"Chloropsis"
"623","Dicaeum trigonostigma",40,44.5,"F19","Point counts","Aural","edho","edho F19",NA,NA,1,"Dicaeum"
"624","Macronus ptilosus",40,44.5,"F19","Point counts","Aural","edho","edho F19",NA,NA,1,"Macronus"
"625","Malacopteron affine",80,80,"F19","Point counts","Aural","edho","edho F19",NA,NA,1,"Malacopteron"
"626","Meiglyptes tukki",10,11.2,"F19","Point counts","Visual/aural","edho","edho F19",NA,NA,2,"Meiglyptes"
"627","Mixornis gularis",100,101.9,"F19","Point counts","Aural","edho","edho F19",NA,NA,1,"Mixornis"
"628","Orthotomus ruficeps",100,100,"F19","Point counts","Aural","edho","edho F19",NA,NA,1,"Orthotomus"
"629","Orthotomus ruficeps",100,100,"F19","Point counts","Aural","edho","edho F19",NA,NA,2,"Orthotomus"
"630","Pycnonotus aurigaster",70,72.7,"F19","Point counts","Aural","edho","edho F19",NA,NA,1,"Pycnonotus"
"631","Trichastoma malaccense",70,70,"F19","Point counts","Aural","edho","edho F19",NA,NA,1,"Trichastoma"
"632","Arachnothera hypogrammica",23,30.2,"F19","Point counts","Aural","irfan","irfan F19","heard",NA,1,"Arachnothera"
"633","Cacomantis sonneratii",62,65,"F19","Point counts","Aural","irfan","irfan F19",NA,NA,1,"Cacomantis"
"634","Cyanoderma erythropterum",32,32.4,"F19","Point counts","Aural","irfan","irfan F19","heard",NA,1,"Cyanoderma"
"635","Dicaeum trigonostigma",27,33.3,"F19","Point counts","Aural","irfan","irfan F19",NA,NA,1,"Dicaeum"
"636","Euptilotus eutilotus",36,36.3,"F19","Point counts","Aural","irfan","irfan F19","heard",NA,1,"Euptilotus"
"637","Leptocoma sperata",37,41.8,"F19","Point counts","Aural","irfan","irfan F19","faint",NA,1,"Leptocoma"
"638","Orthotomus ruficeps",39,39,"F19","Point counts","Aural","irfan","irfan F19","heard",NA,1,"Orthotomus"
"639","Orthotomus sericeus",46,46,"F19","Point counts","Aural","irfan","irfan F19",NA,NA,2,"Orthotomus"
"640","Prinia flaviventris",62,62,"F19","Point counts","Aural","irfan","irfan F19",NA,NA,1,"Prinia"
"641","Pycnonotus erythropthalmos",58,58.2,"F19","Point counts","Aural","irfan","irfan F19",NA,NA,1,"Pycnonotus"
"642","Pycnonotus plumosus",21,21.6,"F19","Point counts","Aural","irfan","irfan F19","faint",NA,1,"Pycnonotus"
"643","Pycnonotus plumosus",19,19.6,"F19","Point counts","Aural","irfan","irfan F19","faint",NA,1,"Pycnonotus"
"644","Stachyris nigricollis",54,54.2,"F19","Point counts","Aural","irfan","irfan F19",NA,NA,1,"Stachyris"
"645","Trichastoma malaccense",42,42,"F19","Point counts","Aural","irfan","irfan F19","heard",NA,1,"Trichastoma"
"646","Dicrurus paradiseus",46,46.3,"F20","Point counts","Aural","irfan","irfan F20","not heard",NA,1,"Dicrurus"
"647","Pycnonotus simplex",22,22.6,"F20","Point counts","Aural","irfan","irfan F20","heard",NA,1,"Pycnonotus"
"648","Chalcophaps indica",150,151.3,"F20","Point counts","Aural","edho","edho F20",NA,"paired recording only mono",1,"Chalcophaps"
"649","Corvus enca",200.1,201,"F21","Point counts","Aural","edho","edho F21",NA,"paired recording only mono",1,"Corvus"
"650","Macronus ptilosus",200.1,200.1,"F21","Point counts","Aural","edho","edho F21",NA,"paired recording only mono",1,"Macronus"
"651","Macronus ptilosus",200.1,200.1,"F21","Point counts","Aural","edho","edho F21",NA,"paired recording only mono",1,"Macronus"
"652","Trichastoma malaccense",25,25,"F21","Point counts","Aural","edho","edho F21",NA,"paired recording only mono",1,"Trichastoma"
"653","Arachnothera hypogrammica",26,32.5,"F21","Point counts","Aural","irfan","irfan F21",NA,NA,1,"Arachnothera"
"654","Centropus bengalensis",62,62.2,"F21","Point counts","Aural","irfan","irfan F21",NA,NA,1,"Centropus"
"655","Dicaeum trigonostigma",28,34.1,"F21","Point counts","Aural","irfan","irfan F21",NA,NA,1,"Dicaeum"
"656","Corvus enca",16,25.2,"F22","Point counts","Visual/aural","edho","edho F22",NA,"paired recording only mono",3,"Corvus"
"657","Dicaeum trigonostigma",25,31.7,"F22","Point counts","Visual","edho","edho F22",NA,"paired recording only mono",1,"Dicaeum"
"658","Dicrurus paradiseus",55,58.4,"F22","Point counts","Aural","edho","edho F22",NA,"paired recording only mono",2,"Dicrurus"
"659","Pycnonotus brunneus",16,25.2,"F22","Point counts","Visual","edho","edho F22",NA,"paired recording only mono",1,"Pycnonotus"
"660","Pycnonotus simplex",50,53.7,"F22","Point counts","Aural","edho","edho F22",NA,"paired recording only mono",1,"Pycnonotus"
"661","Trichastoma malaccense",40,40,"F22","Point counts","Aural","edho","edho F22",NA,"paired recording only mono",2,"Trichastoma"
"662","Aegithina viridissima",49.9,49.9,"F22","Point counts","Aural","irfan","irfan F22","heard",NA,1,"Aegithina"
"663","Arachnothera hypogrammica",31,36.6,"F22","Point counts","Aural","irfan","irfan F22","heard",NA,1,"Arachnothera"
"664","Arachnothera longirostra",19,19.6,"F22","Point counts","Aural","irfan","irfan F22",NA,NA,1,"Arachnothera"
"665","Chrysococcyx xanthorhynchus",16,25.2,"F22","Point counts","Aural","irfan","irfan F22","heard",NA,1,"Chrysococcyx"
"666","Cyanoderma erythropterum",38,38.3,"F22","Point counts","Aural","irfan","irfan F22",NA,NA,2,"Cyanoderma"
"667","Dicrurus paradiseus",82,84.3,"F22","Point counts","Aural","irfan","irfan F22",NA,NA,2,"Dicrurus"
"668","Macronus ptilosus",44,44,"F22","Point counts","Aural","irfan","irfan F22","not heard",NA,1,"Macronus"
"669","Micropternus brachyurus",78,78.2,"F22","Point counts","Aural","irfan","irfan F22",NA,NA,1,"Micropternus"
"670","Micropternus brachyurus",49,52.7,"F22","Point counts","Aural","irfan","irfan F22",NA,NA,1,"Micropternus"
"671","Stachyris maculata",43,43.3,"F22","Point counts","Aural","irfan","irfan F22","heard",NA,1,"Stachyris"
"672","Stachyris nigricollis",NA,NA,"F22","Point counts","Aural","irfan","irfan F22",NA,NA,1,"Stachyris"
"673","Trichastoma bicolor",48,48,"F22","Point counts","Aural","irfan","irfan F22","heard",NA,1,"Trichastoma"
"674","Trichastoma malaccense",27,27,"F22","Point counts","Aural","irfan","irfan F22","heard",NA,1,"Trichastoma"
"675","Arachnothera hypogrammica",21,28.7,"F23","Point counts","Aural","irfan","irfan F23",NA,NA,1,"Arachnothera"
"676","Arachnothera hypogrammica",24,30.9,"F23","Point counts","Aural","edho","edho F23",NA,"paired recording only mono",1,"Arachnothera"
"677","Dicaeum trigonostigma",15,24.6,"F23","Point counts","Aural","edho","edho F23",NA,"paired recording only mono",1,"Dicaeum"
"678","Dicaeum trigonostigma",100,101.9,"F23","Point counts","Aural","edho","edho F23",NA,"paired recording only mono",1,"Dicaeum"
"679","Macronus ptilosus",200,200,"F23","Point counts","Aural","edho","edho F23",NA,"paired recording only mono",1,"Macronus"
"680","Pycnonotus simplex",15,24.6,"F23","Point counts","Aural","edho","edho F23",NA,"paired recording only mono",1,"Pycnonotus"
"681","Alophoixus tephrogenys",17,25.9,"F24","Point counts","Visual/aural","edho","edho F24",NA,"paired recording only mono",2,"Alophoixus"
"682","Geopelia striata",80,82.3,"F24","Point counts","Aural","edho","edho F24",NA,"paired recording only mono",1,"Geopelia"
"683","Macronus ptilosus",150,150,"F24","Point counts","Aural","edho","edho F24",NA,"paired recording only mono",1,"Macronus"
"684","Trichastoma malaccense",25,25,"F24","Point counts","Aural","edho","edho F24",NA,"paired recording only mono",1,"Trichastoma"
"685","Trichastoma malaccense",30,30,"F24","Point counts","Aural","edho","edho F24",NA,"paired recording only mono",1,"Trichastoma"
"686","Cyanoderma erythropterum",46,50,"F24","Point counts","Aural","irfan","irfan F24",NA,NA,1,"Cyanoderma"
"687","Dicaeum trigonostigma",37,41.8,"F24","Point counts","Aural","irfan","irfan F24",NA,NA,1,"Dicaeum"
"688","Geopelia striata",98,98.1,"F24","Point counts","Aural","irfan","irfan F24",NA,NA,2,"Geopelia"
"689","Harpactes diardii",38,38.3,"F24","Point counts","Aural","irfan","irfan F24","heard",NA,1,"Harpactes"
"690","Macronus ptilosus",62,62,"F24","Point counts","Aural","irfan","irfan F24",NA,NA,1,"Macronus"
"691","Psilopogon duvaucelii",42,42.3,"F24","Point counts","Aural","irfan","irfan F24",NA,NA,2,"Psilopogon"
"692","Centropus bengalensis",150,150,"F25","Point counts","Aural","edho","edho F25",NA,"paired recording only mono",1,"Centropus"
"693","Dicaeum trigonostigma",70,72.7,"F25","Point counts","Aural","edho","edho F25",NA,"paired recording only mono",1,"Dicaeum"
"694","Dicrurus paradiseus",100,101.9,"F25","Point counts","Aural","edho","edho F25",NA,"paired recording only mono",1,"Dicrurus"
"695","Hemicircus concretus",15,15.8,"F25","Point counts","Visual","edho","edho F25",NA,"paired recording only mono",1,"Hemicircus"
"696","Macronus ptilosus",100,100,"F25","Point counts","Aural","edho","edho F25",NA,"paired recording only mono",1,"Macronus"
"697","Orthotomus atrogularis",50,50,"F25","Point counts","Aural","edho","edho F25",NA,"paired recording only mono",1,"Orthotomus"
"698","Orthotomus atrogularis",80,80,"F25","Point counts","Aural","edho","edho F25",NA,"paired recording only mono",1,"Orthotomus"
"699","Pycnonotus brunneus",24,30.9,"F25","Point counts","Visual/aural","edho","edho F25",NA,"paired recording only mono",2,"Pycnonotus"
"700","Trichastoma bicolor",70,70,"F25","Point counts","Aural","edho","edho F25",NA,"paired recording only mono",1,"Trichastoma"
"701","Aegithina viridissima",22,29.4,"F25","Point counts","Aural","irfan","irfan F25","heard",NA,2,"Aegithina"
"702","Arachnothera longirostra",21,21.6,"F25","Point counts","Aural","irfan","irfan F25","heard",NA,2,"Arachnothera"
"703","Brachypodius atriceps",98,98.1,"F25","Point counts","Aural","irfan","irfan F25",NA,NA,1,"Brachypodius"
"704","Cyanoderma erythropterum",48,48.3,"F25","Point counts","Aural","irfan","irfan F25","not heard",NA,1,"Cyanoderma"
"705","Dicrurus paradiseus",43,43.3,"F25","Point counts","Aural","irfan","irfan F25",NA,NA,2,"Dicrurus"
"706","Dicrurus paradiseus",26,26.5,"F25","Point counts","Aural","irfan","irfan F25",NA,NA,1,"Dicrurus"
"707","Eurystomus orientalis",27,33.3,"F25","Point counts","Aural","irfan","irfan F25","not heard",NA,1,"Eurystomus"
"708","Geopelia striata",105,105,"F25","Point counts","Aural","irfan","irfan F25",NA,NA,1,"Geopelia"
"709","Gracula religiosa",NA,NA,"F25","Point counts","Visual/aural","irfan","irfan F25",NA,NA,2,"Gracula"
"710","Macronus ptilosus",49,49,"F25","Point counts","Aural","irfan","irfan F25","heard",NA,1,"Macronus"
"711","Psittinus cyanurus",52,52.2,"F25","Point counts","Aural","irfan","irfan F25",NA,NA,1,"Psittinus"
"712","Pycnonotus simplex",58,61.2,"F25","Point counts","Aural","irfan","irfan F25",NA,NA,1,"Pycnonotus"
"713","Trichastoma malaccense",34,34,"F25","Point counts","Aural","irfan","irfan F25","heard",NA,1,"Trichastoma"
"714","Chalcophaps indica",70,72.7,"F26","Point counts","Aural","edho","edho F26",NA,"paired recording only mono",1,"Chalcophaps"
"715","Corvus enca",100,101.9,"F26","Point counts","Aural","edho","edho F26",NA,"paired recording only mono",1,"Corvus"
"716","Dicaeum trigonostigma",35,40.1,"F26","Point counts","Aural","edho","edho F26",NA,"paired recording only mono",1,"Dicaeum"
"717","Dicaeum trigonostigma",50,53.7,"F26","Point counts","Aural","edho","edho F26",NA,"paired recording only mono",1,"Dicaeum"
"718","Dicrurus paradiseus",100,101.9,"F26","Point counts","Aural","edho","edho F26",NA,"paired recording only mono",2,"Dicrurus"
"719","Macronus ptilosus",60,63.1,"F26","Point counts","Aural","edho","edho F26",NA,"paired recording only mono",1,"Macronus"
"720","Macronus ptilosus",80,80,"F26","Point counts","Aural","edho","edho F26",NA,"paired recording only mono",1,"Macronus"
"721","Orthotomus atrogularis",55,55,"F26","Point counts","Aural","edho","edho F26",NA,"paired recording only mono",1,"Orthotomus"
"722","Pycnonotus flaviventris",60,63.1,"F26","Point counts","Aural","edho","edho F26",NA,"paired recording only mono",1,"Pycnonotus"
"723","Aegithina viridissima",39.9,39.9,"F26","Point counts","Aural","irfan","irfan F26","heard",NA,1,"Aegithina"
"724","Arachnothera hypogrammica",29,34.9,"F26","Point counts","Aural","irfan","irfan F26","heard",NA,1,"Arachnothera"
"725","Arachnothera longirostra",34,34.4,"F26","Point counts","Aural","irfan","irfan F26","not heard",NA,1,"Arachnothera"
"726","Arachnothera longirostra",28,28.4,"F26","Point counts","Aural","irfan","irfan F26","heard",NA,1,"Arachnothera"
"727","Chloropsis moluccensis",20,20.6,"F26","Point counts","Aural","irfan","irfan F26",NA,NA,1,"Chloropsis"
"728","Cyanoderma rufifrons",56,56.2,"F26","Point counts","Aural","irfan","irfan F26","heard",NA,1,"Cyanoderma"
"729","Dicaeum trigonostigma",27,33.3,"F26","Point counts","Aural","irfan","irfan F26","heard",NA,1,"Dicaeum"
"730","Euptilotus eutilotus",37,41.8,"F26","Point counts","Aural","irfan","irfan F26",NA,NA,1,"Euptilotus"
"731","Geopelia striata",110,110,"F26","Point counts","Aural","irfan","irfan F26",NA,NA,1,"Geopelia"
"732","Hypothymis azurea",38,38.3,"F26","Point counts","Aural","irfan","irfan F26","heard",NA,1,"Hypothymis"
"733","Macronus ptilosus",63,63,"F26","Point counts","Aural","irfan","irfan F26",NA,NA,1,"Macronus"
"734","Malacopteron magnum",59,59,"F26","Point counts","Aural","irfan","irfan F26","heard",NA,1,"Malacopteron"
"735","Meiglyptes tukki",58,61.2,"F26","Point counts","Aural","irfan","irfan F26",NA,NA,1,"Meiglyptes"
"736","Pycnonotus erythropthalmos",24,30.9,"F26","Point counts","Aural","irfan","irfan F26",NA,NA,1,"Pycnonotus"
"737","Pycnonotus goiavier",19,27.2,"F26","Point counts","Aural","irfan","irfan F26","heard",NA,1,"Pycnonotus"
"738","Pycnonotus simplex",19,27.2,"F26","Point counts","Aural","irfan","irfan F26","not heard",NA,1,"Pycnonotus"
"739","Stachyris maculata",26,26.5,"F26","Point counts","Aural","irfan","irfan F26",NA,NA,1,"Stachyris"
"740","Corvus enca",31,36.6,"F27","Point counts","Aural","irfan","irfan F27","faint",NA,1,"Corvus"
"741","Dicaeum trigonostigma",24,24.5,"F27","Point counts","Aural","irfan","irfan F27","heard",NA,1,"Dicaeum"
"742","Dicrurus paradiseus",23,23.5,"F27","Point counts","Aural","irfan","irfan F27","not heard",NA,1,"Dicrurus"
"743","Macronus ptilosus",39,39,"F27","Point counts","Aural","irfan","irfan F27",NA,NA,1,"Macronus"
"744","Malacopteron magnirostre",42,42,"F27","Point counts","Aural","irfan","irfan F27","heard",NA,1,"Malacopteron"
"745","Rhinortha chlorophaea",25,25.5,"F27","Point counts","Aural","irfan","irfan F27",NA,NA,1,"Rhinortha"
"746","Aegithina viridissima",50,53.7,"F27","Point counts","Visual/aural","edho","edho F27",NA,"paired recording only mono",1,"Aegithina"
"747","Aegithina viridissima",30,35.8,"F27","Point counts","Aural","edho","edho F27",NA,"paired recording only mono",2,"Aegithina"
"748","Arachnothera hypogrammica",50,50.2,"F27","Point counts","Aural","edho","edho F27",NA,"paired recording only mono",1,"Arachnothera"
"749","Dicaeum trigonostigma",30,35.8,"F27","Point counts","Aural","edho","edho F27",NA,"paired recording only mono",1,"Dicaeum"
"750","Dicaeum trigonostigma",70,72.7,"F27","Point counts","Aural","edho","edho F27",NA,"paired recording only mono",1,"Dicaeum"
"751","Macronus ptilosus",90,90,"F27","Point counts","Aural","edho","edho F27",NA,"paired recording only mono",1,"Macronus"
"752","Orthotomus atrogularis",20,20,"F27","Point counts","Visual/aural","edho","edho F27",NA,"paired recording only mono",2,"Orthotomus"
"753","Orthotomus atrogularis",25,25,"F27","Point counts","Aural","edho","edho F27",NA,"paired recording only mono",2,"Orthotomus"
"754","Orthotomus atrogularis",40,40,"F27","Point counts","Aural","edho","edho F27",NA,"paired recording only mono",1,"Orthotomus"
"755","Orthotomus ruficeps",90,90,"F27","Point counts","Aural","edho","edho F27",NA,"paired recording only mono",1,"Orthotomus"
"756","Prinia flaviventris",60,60,"F27","Point counts","Aural","edho","edho F27",NA,"paired recording only mono",1,"Prinia"
"757","Pycnonotus flaviventris",30,35.8,"F27","Point counts","Aural","edho","edho F27",NA,"paired recording only mono",1,"Pycnonotus"
"758","Trichastoma malaccense",80,80,"F27","Point counts","Aural","edho","edho F27",NA,"paired recording only mono",1,"Trichastoma"
"759","Arachnothera hypogrammica",32,37.5,"F28","Point counts","Aural","irfan","irfan F28","faint",NA,1,"Arachnothera"
"760","Corvus enca",NA,NA,"F28","Point counts","Aural","irfan","irfan F28",NA,NA,1,"Corvus"
"761","Cyanoderma erythropterum",55,55.2,"F28","Point counts","Aural","irfan","irfan F28","not heard",NA,1,"Cyanoderma"
"762","Dicaeum trigonostigma",27,33.3,"F28","Point counts","Aural","irfan","irfan F28","heard",NA,1,"Dicaeum"
"763","Macronus ptilosus",55,55,"F28","Point counts","Aural","irfan","irfan F28",NA,NA,1,"Macronus"
"764","Prionochilus percussus",6,7.8,"F28","Point counts","Visual","irfan","irfan F28",NA,NA,1,"Prionochilus"
"765","Psilopogon duvaucelii",28,34.1,"F28","Point counts","Aural","irfan","irfan F28",NA,NA,1,"Psilopogon"
"766","Pycnonotus goiavier",17,17.7,"F28","Point counts","Aural","irfan","irfan F28","faint",NA,1,"Pycnonotus"
"767","Pycnonotus simplex",18,18.7,"F28","Point counts","Aural","irfan","irfan F28",NA,NA,1,"Pycnonotus"
"768","Stachyris maculata",42,42.3,"F28","Point counts","Aural","irfan","irfan F28",NA,NA,1,"Stachyris"
"769","Trichastoma bicolor",31,31,"F28","Point counts","Aural","irfan","irfan F28","heard",NA,1,"Trichastoma"
"770","Aegithina viridissima",20,27.9,"F28","Point counts","Visual/aural","edho","edho F28",NA,"paired recording only mono",1,"Aegithina"
"771","Corvus enca",200,200.9,"F28","Point counts","Aural","edho","edho F28",NA,"paired recording only mono",1,"Corvus"
"772","Dicrurus paradiseus",60,63.1,"F28","Point counts","Aural","edho","edho F28",NA,"paired recording only mono",1,"Dicrurus"
"773","Macronus ptilosus",200,200,"F28","Point counts","Aural","edho","edho F28",NA,"paired recording only mono",1,"Macronus"
"774","Orthotomus atrogularis",60,63.1,"F28","Point counts","Aural","edho","edho F28",NA,"paired recording only mono",1,"Orthotomus"
"775","Trichastoma malaccense",40,44.5,"F28","Point counts","Aural","edho","edho F28",NA,"paired recording only mono",1,"Trichastoma"
